name,src,img,tags,開催日,販売,住所,TEL,MAIL,Instagram,content,見学,WEB,Twitter,所要時間,駐車場,採用情報,オンラインショップ,Facebook,開催情報,見学予約,営業時間,入館料,注意事項,開催日時,予約方法,レストラン営業時間,ショップ,料金,予約,LINE,イベントページ,求人情報,見学料金,Mail,web,販売・見学,求人募集,備考
雲職人ニュアージュ,https://renew-fukui.com/exhibitor/nyuazyu/,https://renew-fukui.com/kanri/wp-content/uploads/2022/07/6d85f231c5bc56e9741702dbc8e7eb18.jpg,ローカルフード,7-8日,※うるしの里フードコートにて出展,〒913-0016 福井県坂井市三国町三国東7-1-26,0776-81-8484,rcbpn446_0320@yahoo.co.jp,https://www.instagram.com/patisserie_nuage/,"パティスリーを長年営んできたNUAGE。従来のケーキ屋の固定概念にとらわれず、自由に楽しいもの作りを目指し、予約制の商品販売やカフェ、定期的に雲バスでの移動式パティスリーを行っています。
どこにもない商品作りをコンセプトに掲げるNUAGEの逸品を是非お召し上がり下さい。",,,,,,,,,,,,,,,,,,,,,,,,,,,,
河和田アートキャンプ/co-minka,https://renew-fukui.com/exhibitor/co-minka/,https://renew-fukui.com/kanri/wp-content/uploads/2021/07/artcamp01-1024x683.jpg,地域企業,7-8日,,〒916-1222 福井県鯖江市河和田町15-12-1,050-1276-1376,kimura.ac.218a@gmail.com,https://www.instagram.com/kawada_artcamp/,2004年から、関西圏を中心に芸術やデザインを学ぶ大学生が河和田を訪れ、夏休みの約40日間を通して地域での共同生活をしながら活動を続けてきました。豊かな自然の中で、地域住民との対話や作品制作を通してさまざまな地域課題を見つけ、自分たちが学ぶ美術やデザインと結び付けて解決の糸口を探っていくプロジェクトです。アートキャンプ参加学生の拠点として、愛されてきた築120年のco-minka（古民家）をギャラリーやシェアオフィスなど、河和田を訪れる様々な人が使用できるように、新たな使い方を模索しながらリノベーションをしています。,7-8日 10:00-12:00 / 13:00-17:00,http://aai-b.jp/ac/,https://twitter.com/kawada_ac,,,,,,,,,,,,,,,,,,,,,,,,,
龍泉刃物,https://renew-fukui.com/exhibitor/ryuusen/,https://renew-fukui.com/kanri/wp-content/uploads/2021/07/ryusen01-1024x645.jpg,"工房見学,工房見学予約受付,ワークショップ,ショップ,求人募集",7・8日,7・8日 9:00-17:00,〒915-0873 福井県越前市池ノ上町92-5-6,0778-23-3552,info@ryusen-hamono.com,https://www.instagram.com/ryusen.japan/,龍泉刃物は、昭和28年、越前の地に700年伝わる「越前打刃物」（日本の伝統工芸指定）の伝統的技術を用いた刃物の製造を開始しました。近年では、素材特性を最大限引き出すべく、独自の鍛造・熱処理・刃砥ぎ・プレス・溶接の加工技術を取り入れながら刃物の可能性を拡げ、新分野としてカトラリーやステーショナリーなどのものづくりにも着手。その卓越した技術と洗練されたデザインは世界中で高く評価されています。越前に誇れるものづくりを継承していきながら、世界に向け信頼と実績のブランドの確立を目指してまいります。,7・8日 9:00-12:00 / 13:00-17:00,https://ryusen-hamono.com/,https://twitter.com/RyusenJapan,20-30分程度,有り,一緒に働く人を募集しています。,https://ryusenhamono.shop-pro.jp/,https://www.facebook.com/ryusen117,,,,,,,,,,,,,,,,,,,,
とべーぐる砺波マチナカ店,https://renew-fukui.com/exhibitor/%e3%81%a8%e3%81%b9%e3%83%bc%e3%81%90%e3%82%8b%e7%a0%ba%e6%b3%a2%e3%83%9e%e3%83%81%e3%83%8a%e3%82%ab%e5%ba%97/,https://renew-fukui.com/kanri/wp-content/uploads/2023/09/tobagel.jpg,ローカルフード,,,〒939-1364 富山県砺波市豊町2-7-3 イネス砺波,,,,とべーぐるは、地元富山県産コシヒカリの米粉を使用した焼きたてベーグル専門店です。米粉を使用することで 独特の『ふわっ！もちっ！食感』を生み出しています。基本生地には、保存料や安定剤など使用せず ひとつひとつ、手作りで仕上げ、焼きたてにこだわって商品をご提供しています。 そんなお店のコンセプトを大切にするためマチナカ号にもオーブンを搭載し、その場で焼き上げています。焼きたてベーグルをお届けするためマチナカ号は、東へ西へ、日々走り続けています。,,,,,,,,,7-8日 10:00-14:00,,,,,,,,,,,,,,,,,,,
WoodWood Coffee Roast Service,https://renew-fukui.com/exhibitor/woodwood/,https://renew-fukui.com/kanri/wp-content/uploads/2022/07/10-min-819x1024.jpg,ローカルフード,,,〒918-8239 福井市成和1-2231 WWビル1F,050-3395-5115,,https://www.instagram.com/woodwood_coffee/,"豊かな生活の一部に本物の美味しいコーヒーを自信を持ってご提供します。
世界各地より厳選したスペシャルティコーヒー豆を使用し、コーヒーの持つ個性をより引き出す当店オリジナルレシピにて焙煎しております。
香り高く、風味豊かなコーヒーをどうぞお楽しみください。",,https://woodwood-coffee.shop/,,,,,,,"6-8日 11:00-15:00
※無くなり次第終了",,,,,,,,,,,,,,,,,,,
丸廣意匠,https://renew-fukui.com/exhibitor/maruhiroisyou/,https://renew-fukui.com/kanri/wp-content/uploads/2021/07/maruhiro01-1024x684.jpg,工房見学,6-8日,,〒916-1237 福井県鯖江市北中町535,0778-65-2209,maruhiro.isho@gmail.com,https://www.instagram.com/maruhiroisho/,"丸廣意匠は木製品の塗装を行っています。
吹付塗装と聞くと機械的な印象を受けますが、下地〜上塗りの間で塗装と研磨を繰り返して、ひとつひとつ丁寧に面を仕上げていきます。また、色の違いで物の印象は大きく変わります。見慣れた物や時代遅れと言われてしまうような物も、新たな色を塗り重ねることで今までとは異なる価値や魅力を持つ物に生まれ変わるかもしれません。
すでに形ある物の表情を変えることができるのも塗装の魅力の一つです。",6-8日 10:00-17:00,https://maruhiro-isho.com,,15分,,,https://maruhiroisho.theshop.jp/,,,不要,,,,,,,,,,,,,,,,,,
越前和紙の里 パピルス館,https://renew-fukui.com/exhibitor/papirusu/,https://renew-fukui.com/kanri/wp-content/uploads/2021/07/papirusukan03.jpg,"ワークショップ,ワークショップ予約受付,ショップ",6-8日,6-8日 9:00-16:00,〒915-0232 福井県越前市新在家町8-44,0778-42-1363,papyrus2012@yahoo.co.jp,https://www.instagram.com/echizen.washi/,"「越前和紙の里パピルス館」では和紙づくりを子どもから大人まで体験していただけます。スタッフのサポートで、名刺やハガキ、和紙の灯りが20～40分ほどで完成！押し花や染料も用意していますので、自由な発想で世界に一つだけの和紙をつくってみませんか？
併設する「和紙処えちぜん」は、産地組合の直売店。書画用紙はもちろん、和紙の名刺入れやバッグなどの雑貨も豊富に揃っており、きっとお気に入りの一品が見つかるはずです。全国発送にも対応。越前和紙の魅力をたっぷり感じながら、ゆっくりとお買い物をお楽しみください。",,https://www.echizenwashi.jp/papyrus/,,,,,,,,,,,,,,,,,,,,,,,,,,
清水和紙,https://renew-fukui.com/exhibitor/shimizu_washi/,https://renew-fukui.com/kanri/wp-content/uploads/2021/07/shimizu01-1024x768.jpg,"ワークショップ,ワークショップ予約受付,ショップ",6-8日,6-8日 9:00-12:00 / 13:00-17:00,〒915-0232 福井県越前市新在家町10-2,090-9318-9508,info@shimizuwashi.com,,清水和紙は、様々な種類の越前和紙を取り揃えている産地問屋です。越前和紙の美しさや技法、可能性を知ってもらえるように、RENEWでは数多くの和紙に触れて頂ける機会を提供します。また当社ではオリジナル和紙の企画・提案もさせて頂いております。和紙商品は素材を活かしたシンプルなものが主ですが、新しい商品も用意しております。,,http://www.shimizuwashi.com,,,,,,,,,,,,,,,,,,,,,,,,,,
opt duo Inc.,https://renew-fukui.com/exhibitor/opt-duo-inc/,https://renew-fukui.com/kanri/wp-content/uploads/2022/07/RENEW_opt.duo_-4000x2667.jpg,ショップ,6-8日,8日 10:00-12:00 / 13:00-16:00,〒916-1237 福井県鯖江市北中町539,0778-65-2374,info@optduo.co.jp,https://www.instagram.com/mal_eyewear/?hl=ja,昭和初期に日本で開発された合金“サンプラチナ”製の眼鏡「MAL」。手しごとから生まれる眼鏡。眼鏡の生産が鯖江ではじまって以来、ずっと作り続けられているシンプルなかたち。小さな工場でひとつひとつ作られた「MAL」は、洗練されたデザインと“サンプラチナ”の柔らかい光沢が特徴の丸眼鏡。少量生産・省エネルギーで無駄の少ない昔ながらの製法は、これからの時代にこそ必要な受け継がれていくべき技術の結晶です。,,https://www.optduo.co.jp/,,,,,https://malglasses.thebase.in/,https://www.facebook.com/mal.sabae,,,,,,,,,,,,,,,,,,,,
越前和紙の里 卯立の工芸館,https://renew-fukui.com/exhibitor/udathunokougeikan/,https://renew-fukui.com/kanri/wp-content/uploads/2022/07/ccdd6a072fe7cfa00d006d20ca958aec-e1691632547382.jpg,"工房見学,ワークショップ,ワークショップ予約受付,ショップ",6-8日,6-8日 9:30-12:00 / 13:00-17:00,〒915-0232 福井県越前市新在家町9-21-2,0778-43-7800,udatsu@echizenwashi.jp,https://www.instagram.com/echizen.washi/,"約1,500年の歴史がある越前和紙。現在は越前市五箇地区(大滝町・岩本町・新在家町・不老町・定友町の5地区)にて、約50社の職人たちが多様な和紙をつくっています。
産地の入り口にある「卯立の工芸館」は紙漉きを生業としていた「妻入り卯立」を持つ西野平右衛門家（定友町）を移築・改修した建物で、創建は江戸中期と伝えられています。館内では伝統工芸士が昔ながらの道具を使い、原料づくり・紙漉き・乾燥など、一連の作業をしている様子を見学していただけます。
また、伝統工芸士の指導のもとでチャレンジする本格的な「流し漉き」体験講座も行っています。職人の心に触れ、ぜひとも和紙を感じてみてください。","6-8日 9:30-12:00 / 13:00-16:00
※上記の時間以外でも施設は見学可能",https://www.echizenwashi.jp/udatsu,,20-30分,,,,,,,6-8日 9:30-12:00 / 13:00-17:00 （入館は16:30まで、紙漉き見学は16:00まで）,大人300円 / 団体200円 / 高校生以下無料,"※15名様から団体割引となります。
※紙の文化博物館との共通入館料です。",,,,,,,,,,,,,,,
PARK,https://renew-fukui.com/exhibitor/park/,https://renew-fukui.com/kanri/wp-content/uploads/2021/07/park01.jpg,地域企業,,,〒916-1222 福井県鯖江市河和田町19-1-7,090-5179-8523,shibacoffee2017@gmail.com,,PARKは鯖江に移り住んだ移住者たち4名で運営する複合施設。2017年に長年使われていなかった元めがね工場と社員寮をリノベーションし、多様な人たちが、ものづくりで繋がるプラットフォームとして生まれ変わりました。現在は週末カフェ・オフィス・シェアハウスの運営、様々なイベント開催など使用されており、「暮らし、集い、作る」がたえまなく循環し、地域に新しい価値と関係性を生み出しています。RENEW期間中はトークイベント会場としてご利用いただけます。,,,,,,,,,,,,,,6-8日 10:00-17:00,,,,,,,,,,,,,,
サカエマーク,https://renew-fukui.com/exhibitor/sakaemark/,https://renew-fukui.com/kanri/wp-content/uploads/2022/07/top01-1024x682.jpg,"工房見学,工房見学予約受付,ワークショップ,ワークショップ予約受付,ショップ,求人募集",7・8日,,〒916-0019 福井県鯖江市丸山町4-1-45,0778-52-2500,sakae@sakaemark.co.jp,https://www.instagram.com/sakaemark/?igshid=YmMyMTA2M2Y=,株式会社サカエマークは、特殊印刷を得意とする鯖江の印刷会社です。シール印刷・オフセット印刷・オンデマンド印刷・特殊印刷を行っています。めがねの街鯖江で、めがね製品に関する下札やパッケージ、シール印刷を手がけて50年。デザインから印刷、加工まで「自社内一貫生産」を確立し、お客様のあらゆるニーズに迅速に対応しています。,"7日 10:00-12:00 / 13:00-17:00
8日 10:00-12:00 / 13:00-17:00",sakaemark.co.jp,https://twitter.com/sakaemark522500,45分,,一緒に働く人を募集しています。,https://sakaemark.stores.jp/,https://www.facebook.com/sakaemark,,予約優先,,,,,WEB：https://sakaemark-renew.stores.jp,,,,,,,,,,,,,
草月陶房,https://renew-fukui.com/exhibitor/sougetsutobo/,https://renew-fukui.com/kanri/wp-content/uploads/2022/07/aa2a47f136d892633323bd3d090f635c.jpg,"工房見学,ワークショップ",6-8日,6-8日 10:00-16:00,〒916-0273 福井県丹生郡越前町小曽原16-20,0778-32-2234,tobo@sogetsu.com,,いけばなは元より、絵画、映画、陶芸、書、作庭など様々な領域で前衛的な創作活動を展開した、いけばな草月流第三代家元 勅使河原 宏により1973年に開設。第四代家元 勅使河原 茜に継承され現在に至る。いけばなに使用される花器の生産現場であると同時に、草月流会員が自作花器の制作を学ぶ施設としても利用されている。近年は一般にも開かれた「場」として「いけばな展」や「映画上映会」など様々なイベントの開催を試みています。,6-8日 10:00-16:00,,,15-30分,,,,,,,,,越前陶芸村の中にありますがとても分かりにくい場所なので、迷われたら早めにご連絡下さい。,,,,,,,,,,,,,,,
かわだ温泉　ラポーゼかわだ,https://renew-fukui.com/exhibitor/lapause/,https://renew-fukui.com/kanri/wp-content/uploads/2021/07/b4e3df1c3dfad4d3583fdeb0df0a8cd4-1024x783.jpg,宿泊,6-8日 11:00-22:00,,〒916-1235 福井県鯖江市上河内町19-37-2,0778-65-0012,info@lapause.info,https://www.instagram.com/lapause0012/,"「かわだ温泉」は肌がすべすべになると言われる重曹泉と 動脈硬化防止に効能があると言われる芒硝泉が同時に含まれる日本でも数例しかないという珍しい温泉です。ゆっくりお風呂に入って、疲れた体を癒してください。
パン焼き体験（要予約）やレストランでのお食事もお待ちしてます。",,https://www.lapause.jp/,,,,,,,,,,,,,,11:30-14:00（13:30 L.O）,,,,,,,,,,,,
和紙屋・杉原商店,https://renew-fukui.com/exhibitor/sugiharasyouten/,https://renew-fukui.com/kanri/wp-content/uploads/2021/07/sugihara03-1024x683.jpg,"ショップ,求人募集",6-8日,,〒915-0235 福井県越前市不老町17-2,0778-42-0032,sugihara@washiya.com,https://www.instagram.com/sugiharawashi/,明治4年創業の和紙問屋。100年前の土蔵をギャラリーにして、様々な和紙の展示販売を行っています。漆と和紙を融合させてた『漆和紙（うるわし）』、伝統技法の透かし技術を使った『ちぎり和紙』、インクジェットプリンタや、レーザープリンタに対応した『羽二重紙（はぶたえし）』。これらは皆、杉原商店の登録商標です。,,https://www.washiya.com/,https://twitter.com/sugiha,,有り,一緒に働く人を募集しています。,https://www.washiya.com/shop/,https://www.facebook.com/sugiharawashi,,,,,※工房内の商品は、撮影禁止です。,,,,"6•8日 8:30-15:30
7日 8:30-13:30",,,,,,,,,,,
松原蝶製作,https://renew-fukui.com/exhibitor/matsubara-nosepad/,https://renew-fukui.com/kanri/wp-content/uploads/2023/07/image13.jpeg,"ワークショップ,ワークショップ予約受付,ショップ",7-8日,7-8日 10:00-12:00 / 13:00-16:00,〒916-0029福井県鯖江市北野町1丁目1-20,0778-51-2752,info@matsubara-nosepad.co.jp,https://www.instagram.com/matsubara_nose_pad/,鯖江市で創業61年眼鏡用鼻パッド専門メーカーとして福井の産業技術に関わっています。 国内ブランドのアセテート製眼鏡の鼻パッド90％シェアを誇っている。アセテート製眼鏡フロント枠プレス加工も同時に行っており、押さえ型も百種類程あり、鯖江では7割弊社で加工しております。”,,https://matsubara-nosepad.co.jp,,,駐車場が狭いため、予約して頂けると助かります。,,,https://www.facebook.com/matsubarachouseisaku?locale=ja_JP,,,,,,,,,,,,,,,,,,,,
山田英夫商店,https://renew-fukui.com/exhibitor/yamadahideo/,https://renew-fukui.com/kanri/wp-content/uploads/2021/07/yamadahideo01-1024x786.jpg,"工房見学,ワークショップ,ワークショップ予約受付,ショップ",6-8日,6-8日 10:00-18:00,〒915-0846 福井県越前市千福町28,0778-22-5359,info@kkyamada.com,,"700年の伝統を持つ越前打刃物の産地にあって、私たちは、鍛冶職人と研ぎ職人によって仕上がった包丁に、柄を付け、ヒズミの調整や名入れをし、商品に仕上げる問屋の仕事をしてきました。
お客様に包丁を提案させていただく中で、さらに使い心地のいい包丁をと、2015年に「風味絶佳ECHIZEN」という自社ブランドを設立。グリップに特徴のある三徳、中三徳、ペティ、薄引き、洋出刃の5つのアイテムを2種類のカラーで展開しています。
包丁を長く使っていくために、研ぎ直しや柄の付け替えなどのメンテナンスも承っています。",6-8日 10:00-18:00,http://kkyamada.com,,30分,有り,,http://kkyamada.com,https://www.facebook.com/kitchenknifeyamada,,,,,刃物を取り扱っておりますので、怪我をされないように十分お気を付けください。,,,,,,,,,,,,,,,
鯖江駅眼鏡,https://renew-fukui.com/exhibitor/sabaeekimegane/,https://renew-fukui.com/kanri/wp-content/uploads/2022/07/repair01-1024x633.jpg,"ワークショップ,ショップ",6-8日,10:00-19:00,〒916-0053 福井県鯖江市日の出町1-2,0778-62-7507,sabae-eki-megane@repair-f.com,https://www.instagram.com/sabaeekimegane/,メガネストリートの出発地点である鯖江駅。その観光案内所にて「めがねのまち」産地ならではのメガネ販売や、メガネの素材を使ったワークショップ体験が出来るお店です。,,http://www.repair-f.com,,,,,,,,,,,,,,,,,,,,,,,,,,
ろくろ舎,https://renew-fukui.com/exhibitor/rokurosya/,https://renew-fukui.com/kanri/wp-content/uploads/2021/07/rokurosya02-1-1024x679.jpg,"工房見学,ワークショップ,ショップ",6-8日,6-8日 10:00-17:00,〒916-1221 福井県鯖江市西袋町512,,info@rokurosha.jp,https://www.instagram.com/rokurosha/,"伝統的な丸物木地師としての技術を継承しながら、「価値の再定義」をコンセプトに、木材を中心に素材、製法にこだわることなくプロダクトを製作。
また、「持続可能」をテーマに作り手の領域にとどまらず様々な活動を行っています。",6-8日 10:00-17:00,http://rokurosha.jp,,5-60分,,,https://rokurosha.stores.jp,,,,,,,,,,,,,,,,,,,,,
滝製紙所,https://renew-fukui.com/exhibitor/taki/,https://renew-fukui.com/kanri/wp-content/uploads/2022/07/75c140d3601436d9bf49d9f8aa3af58a-1.jpg,"工房見学,工房見学予約受付,ショップ",6-8日,"6・7日 10:00-12:00 / 13:00-16:00
8日 10:00-12:00",〒915-0234 福井県越前市大滝町27-30,0778-43-0332,info@takiseishi.com,https://www.instagram.com/takiseishi/,"1875年創業。手漉きと機械抄きの両輪にて越前和紙を製造。
主に襖紙などの内装材をとした大紙（約100cm×200cm）を製紙しています。
手漉きでは各種襖紙の他、創作和紙や全国唯一の襖判檀紙等を製造。
機械漉きでは2ｍ幅での抄紙が可能で、襖判の鳥の子をはじめ、色物から手漉きの技を活かした模様紙、美術小間紙を製紙しています。
ホテルや店舗等での施工実績も多く、アーティストとの協業など、別注和紙、各種OEMにも対応。伝統技術に新たな感性を加え、枠に嵌らない和紙を製造しています。","6・7日 11:00- / 13:00- / 14:00- / 15:00-
8日 10:30- / 11:30",https://www.takiseishi.com/,,20分程度,,,https://takiseishi.stores.jp/,https://www.facebook.com/takiseishi/,,,,,,,,,,"500円（学生無料※お土産無し）
当日払い・500円相当のお土産付き",予約優先/飛入り可,,,,,,,,,
Happy’sEat（ハピスイート）,https://renew-fukui.com/exhibitor/happysweet/,https://renew-fukui.com/kanri/wp-content/uploads/2023/07/IMG_6802-4000x3000.jpeg,ローカルフード,※うるしの里フードコートにてキッチンカーでの出店,,〒918-8105 福井県福井市木田1-3412シダーテラスD棟,080-8999-6754,fls.nakamura.y@gmail.com,https://www.instagram.com/happyseat1024/,Happy’s Eatは、カラダに優しいスイーツLabをコンセプトとしたスイーツショップです。数あるメニューのなかでも当店の看板メニューは、鹿児島県産の完全無農薬バナナを使ったバナナスムージーです！そのバナナの名は、『神バナナ』。神バナナは無農薬栽培なので、バナナの皮まで食べられます。もちろんバナナスムージーにもバナナの皮が含まれているので、栄養価が非常に高いです。さらに、神バナナの糖度は25度以上あるので砂糖などの甘味料は不使用！バナナ特有の雑味も非常に少ないので、香料も使っていません！なのでバナナ本来の甘みやうまみを存分に楽しめます♪バナナとミルクのみで作る王道のバナナスムージーをはじめ、チョコバナナスムージーやカフェオレバナナスムージー、いちごバナナスムージーなどのメニュー揃えています。バナナスムージーを片手にRENEWを楽しみましょう！！,,,,,,,,,,,,,,,,,,,,,,,,,,,,
shifu.,https://renew-fukui.com/exhibitor/shifu/,https://renew-fukui.com/kanri/wp-content/uploads/2023/07/image_6483441.jpg,"工房見学,工房見学予約受付,ワークショップ,ワークショップ予約受付,ショップ",6・7日,6・7日 10:00-12:00 / 13:00-16:00,〒915-0846福井県越前市千福町606-2,080-3047-9047,ico19910417@gmail.com,https://instagram.com/shifu.2022?igshid=OGQ5ZDc2ODk2ZA==,shifu.（シフ）は、クラウドファンディングから生まれた 和紙を素材とした新しいアパレルブランドです。和紙の生地の原料は、多年性植物であるマニラ麻の葉鞘から抽出した繊維を使用しています。 この葉鞘は茎を覆うように包み込んでいて、茎を守るための紫外線をカット、調湿性、抗菌等の自然の力があり、その効果は加工された和紙にも引き継がれます。そして、全く毛羽のない和紙を糸にしていくため、麻のようなシャリ感（清涼感）がありながら、チクチク感は全くなく滑らかな肌触りです。 多機能高性能の和紙100％の生地を使い、ひとつひとつ丁寧に作り、皆さまの元へお届けいたします。,6・7日 10:00-12:00 / 13:00-16:00,,,30分,,,https://shifu-2022.myshopify.com/,,,予約優先 / 飛入り可,,,,,MAIL：ico19910417@gmail.com,,,,,,,,,,,,,
越前セラミカ,https://renew-fukui.com/exhibitor/seramica/,https://renew-fukui.com/kanri/wp-content/uploads/2022/07/DSCF9017-1024x768.jpg,"工房見学,工房見学予約受付,ワークショップ,ワークショップ予約受付,ショップ,求人募集",6-8日,"6・7日 10:00-12:00 / 13:00-17:00
8日 10:00-12:00 / 13:00-16:00",〒915-0873 福井県越前市池ノ上町5-12,0778-24-0832,info@e-seramika.com,https://www.instagram.com/echizen_seramika/,越前セラミカは創業以来、伝統の「越前瓦」の製造・販売・施工を通して、瓦屋根の建物を守ってきました。「美しい色合い」と「抜群の強度」を兼ね備えた越前瓦は、福井の風景の象徴的な存在。越前瓦を通して、地域の風土と共に生きる暮らし、地域の風景を守ります。また、越前瓦の製造技術を活かした商品開発にも積極的に取り組んでいます。,"6・7日 10:00-12:00 / 13:00-17:00
8日 10:00-12:00 / 13:00-16:00",https://e-seramika.com/,,30分,有り,一緒に働く人を募集しています。,,https://www.facebook.com/e.seramika/,,要予約,,,,,https://forms.gle/y3qTJiGpMPgVwdPx8,,,,,https://lin.ee/1xv3qh29s,https://www.jalan.net/kankou/spt_guide000000205807/activity/l000035818/?ccnt=planList-in&screenId=OUW2210&dateUndecided=1,,,,,,,
BOSTON CLUB,https://renew-fukui.com/exhibitor/boston-club/,https://renew-fukui.com/kanri/wp-content/uploads/2021/07/bosuton03-1-1024x684.jpg,"ワークショップ,ワークショップ予約受付,ショップ,求人募集",6-8日,6-8日 10:00-19:00,〒916-0021 福井県鯖江市三六町1-4-30,0778-52-0890,info@bostonclub.co.jp,https://www.instagram.com/bostonclubshop_sabae/,2017年10月、本社横に隣接する築45年の古いビルをリノベーションし、鯖江では初のメーカー直営店を構える「ボストンクラブビル」をオープン。1階は自社4ブランドの全てが一堂に揃う、充実の品揃えのショップ。2階は代表ブランド「JAPONISM」の初期モデルから、歴代モデルをアーカイブしたミュージアム。3階は3Dプリンターや3D切削機、研磨機等の設備を揃え、新商品の開発やプロト品を製作するラボスペース。4階はセミナー、ワークショップ等も行うことのできる多目的スペースとなっており、ビル全体で本物の良さに触れ、眼鏡づくりの背景を知ったうえで、お気に入りの1本を購入できる魅力的な新スポットとなっています。,,bostonclub-eyewear.com,,,有り,一緒に働く人を募集しています。,,,,,,,,,,,,,,,,,,,,,,
漆器久太郎,https://renew-fukui.com/exhibitor/shikkikutarou/,https://renew-fukui.com/kanri/wp-content/uploads/2021/07/soumei01-1024x683.jpg,"工房見学,工房見学予約受付,ワークショップ,ショップ,求人募集",6-8日,,〒916-1221 福井県鯖江市西袋町67-13-3,0778-65-0071,tomiyo@me.ttn.ne.jp,https://www.instagram.com/shikkiqtarou/,"2023年曽明漆器店は100周年を迎えました。
1923年創業、初代「曽明久太郎」は石川県の山中温泉生まれ、山中で修業を積んだ後、越前の地に根を下ろしました。2003年WEBshop「漆器久太郎」が誕生。現在は四代目が2017年にkyutarouBLUEを開発し、当店のオリジナルブランドとして皆様にさらに愛される商品として育てています。
イベント開催中は当店のオリジナル商品をご覧いただける店舗見学、及び販売をいたします。6日には「越前塗と笏谷石で創る箱庭作り」ワークショップを開催します。
また、椀の白木地を200個入れた籠をかつぐ「白木地かつぎ体験」など当店の歴史を楽しめる体験も開催します。",6-8日 10:00-17:00,https://www.shikki-qtarou.com/,https://twitter.com/SIKKI_Q,10分,,,https://www.shikki-qtarou.com/,https://www.facebook.com/echizenshikki,,,,,,,,,6-8日 10:00-17:00,,,,,一緒に働く人を募集しています。,,,,,,
めがねミュージアム,https://renew-fukui.com/exhibitor/megane-museum/,https://renew-fukui.com/kanri/wp-content/uploads/2021/07/37e716e5df4ba8885af49c1b7ee365bb-683x1024.jpg,"ワークショップ,ワークショップ予約受付,ショップ",6-8日,"めがねSHOP：10:00～19:00
体験工房：10:00～17:00
めがね博物館：10:00～17:00
SabaeSweets：10:00～17:00
MUSEUM CAFE：10:00～16:00",〒916-004 福井県鯖江市新横江2-3-4 （めがね会館内),0778-42-8311,shop@megane.gr.jp,https://www.instagram.com/meganemuseum/,福井県は、国内生産フレームの９割以上のシェアを持つ「めがねの産地」です。伝統の技を受け継いだ職人の手によってつくられためがねは、日本の優れたモノづくり技術のひとつ。100余年の歴史の中で常に進化し続けるめがねを「めがねミュージアム」でご堪能ください。一般社団法人福井県眼鏡協会の直営ショールームである、「めがねミュージアム」には、Made In JAPANの最新モデルが購入できる「めがねショップ」、めがね素材を使った手作りを体験できる「体験工房」、めがねの歴史をより深く知ることができる「めがね博物館」など、めがねを見て、触れて、体験できる場をご用意しております。,,https://www.megane.gr.jp/museum/,https://twitter.com/meganemuseum,,,,,https://ja-jp.facebook.com/megane.kaikan/,,,,,,,,,,,,,,,,,,,,
ミート＆デリカささき,https://renew-fukui.com/exhibitor/meat-delicasasaki/,https://renew-fukui.com/kanri/wp-content/uploads/2021/07/sasaki01.jpg,ローカルフード,※うるしの里会館フードコートにて出展,,〒916-0026 福井県鯖江市本町3-1-5,0778-52-4129,sabae.meatsasaki@gmail.com,,"ミート＆デリカささきは、昭和23年創業の精肉店です。牛・豚・鶏の各種お肉はもちろん、現在では種類豊富なサラダ・お惣菜や、注文が入ってから作る揚げ物・お弁当も取り揃えております。
また、当店発祥で福井の人気グルメとして多数のメディアでも取り上げて頂いてる「歩くソースカツ丼 サバエドッグ」はキッチンカーにていろいろなイベントに出店しております。",,meat-sasaki.com,,,,,,,,,,,,,,,,,,,,,,,,,,
やなせ和紙,https://renew-fukui.com/exhibitor/yanasewashi/,https://renew-fukui.com/kanri/wp-content/uploads/2021/07/yanase02-1024x684.jpg,"工房見学,ワークショップ,ワークショップ予約受付,ショップ",6-8日,6-8日 9:00-12:00 / 13:00-16:00,〒915-0234 福井県越前市大滝町24-21,0778-43-0639,yanase@washicco.jp,https://www.instagram.com/yanasewashi/,（有）やなせ和紙は、本鳥の子紙などの無地の襖紙や、雲肌などの模様のある襖紙を主に漉いています。また、障子紙や壁紙、和紙を用いた小物も製作しています。最近では、立体的な造形を生かして、和紙のみを用いた箱も製作しております。皆様の暮らしの中に和紙がある、そのことも目指し、今後も精進してまいる所存です。,6-8日 9:00-12:00 / 13:00-16:00,http://washicco.jp,,30-60分程度,有り,,http://washicco.jp/shop/index.html,https://www.facebook.com/yanasewashi,,,,,,,,,,,,,,,,,,,,
珈琲、紅茶とそのうつわ　しろうるし,https://renew-fukui.com/exhibitor/shirourushi/,https://renew-fukui.com/kanri/wp-content/uploads/2023/08/025F9A2C-3B47-4BBE-8DDE-8D9045061A6A.jpg,ローカルフード,6-8日 10:00-16:00,,〒915-0242 越前市粟田部町34-30,0778-43-0351,snowfield1116@gmail.com,https://www.instagram.com/shiro_urushi/?hl=ja/,ポーランド陶器のマグカップと、下地から上塗りまでひとりの職人が手掛けた本漆のうつわを扱っています。テーブルひとつのちいさなカフェです。越前和紙の産地に来てくださる方々の憩える場になりたいと2021年にミドリ写真館横にオープンしました。パピルス館まで徒歩11分です。,,,,,,,,,,,,,,,,,,,,,,,,,,,,
小柳箪笥店（kicoru）,https://renew-fukui.com/exhibitor/oyanagi/,https://renew-fukui.com/kanri/wp-content/uploads/2022/07/75c140d3601436d9bf49d9f8aa3af58a-4000x3000.jpg,"工房見学,工房見学予約受付,ワークショップ,ワークショップ予約受付,ショップ",6-8日,6-8日 10:00-12:00 / 13:00-17:00,〒915-0824 福井県越前市武生柳町10-7,0778-22-1854,y.oyanagi@plala.to,https://www.instagram.com/kicoru2013/,「小柳箪笥」には2つのエリアがあります。1つは金具作りや漆塗り作業をガラス越しに見学できる工房見学エリア。もう一つは越前箪笥やオリジナルの木の家具や雑貨のあるショールームエリア。こちらでは越前箪笥の展示と共に、越前箪笥伝統工芸士が手掛けたブランド『木にこだわる』＝『kicoru』のお洒落な家具や雑貨たちが展示販売中です！ここでは定期的にワークショップも開催中です！職人と直接話ができ、見て楽しめる工房「小柳箪笥」へ、ぜひお気軽にお越しくださいませ。,6-8日 10:00-12:00 / 13:00-17:00,https://kicoru.com/,,25分,有り,,https://kicoru.com/shop/,https://www.facebook.com/kicoru/,,要予約,,,,,MAIL：y.oyanagi@plala.to,,,,,,,,"2,200円（当日使える500円クーポン券付き）",,,,,
むつのはな,https://renew-fukui.com/exhibitor/muthunohana/,https://renew-fukui.com/kanri/wp-content/uploads/2022/07/DSCF3462.jpg,ローカルフード,6-7日 16:00-20:00,,〒916-1222 福井県鯖江市河和田町24-13(こま膳内),090-5178-2414,igamiyu@gmail.com,https://www.instagram.com/ricka_yukinohana/,週2日、水木曜日のランチ限定でオープンしているむつのはな。通常営業時は、おまかせの創作茶懐石をお楽しみいただけます。河和田ならではの漆器や、福井県内の陶房やガラス工房にオリジナルで作ってもらっている器もお楽しみいただけます。食材も県内産のものが多いですが、特筆すべきは滋賀県の精肉店「サカエヤ」の熟成肉取扱店であること。ぜひご賞味ください。,,,,,,,,https://www.facebook.com/%E3%82%80%E3%81%A4%E3%81%AE%E3%81%AF%E3%81%AA-103262501831139/,,,,,,,TEL：090-5178-2414,,,,予約優先,,,,,,,,,
柄と繪etoe・山謙木工所,https://renew-fukui.com/exhibitor/etoe/,https://renew-fukui.com/kanri/wp-content/uploads/2021/07/yamaken01-1024x683.jpg,"工房見学,工房見学予約受付,ワークショップ,ショップ,求人募集",6-8日,"6・7日 9:00-17:00
8日 9:00-16:00",〒915-0873 福井県越前市池ノ上町46-1-10,090-5686-1658,info.etoe2020@gmail.com,https://www.instagram.com/etoe.2020/,"1912年創業、轆轤（ろくろ）木地師から始まり現在は和包丁の柄を専門に製造。地元はもとより全国の鍛冶屋さん、包丁メーカーへ卸しています。
2020年より越前打刃物と越前漆器のコラボギャラリー「柄と繪etoe」をオープンし、スタンダードな和包丁から漆絵や蒔絵を施した目で楽しめる包丁を展示・販売しております。
自分の好みにカスタマイズした世界に1本のオリジナルオーダー包丁も承っております。ギャラリーに併設された工房では、様々なワークショップも開催しております。",6・7日 10:30- / 14:00-,https://etoe2020.com,https://twitter.com/etoe_echizen,20分,有り,木工所で一緒に働く人を募集しています。,,https://www.facebook.com/etoe.2020/,,要予約,,,,,MAIL：info.etoe2020@gmail.com,,,,,,,,,,,,,
Gaia kitchen,https://renew-fukui.com/exhibitor/gaia-kitchen/,https://renew-fukui.com/kanri/wp-content/uploads/2023/09/gaiakitchen01-scaled.jpg,ローカルフード,,,,090-2031-6955,,,旅好きなオーガニックカフェのオーナーシェフとして活躍した店主のお店。自らハーブや野菜、果物を河和田で育て、世界を旅して学んだ伝統レシピで自然の調味料を使った料理は食べる人を癒します。,,,,,,,,,7-8日 11:00-15:00,,,,,,,,,,,,,,,,,,,
SLIM The Coffee Resort,https://renew-fukui.com/exhibitor/slim-the-coffee-resort/,https://renew-fukui.com/kanri/wp-content/uploads/2022/07/20211220_143414-1024x577.jpg,ローカルフード,6-8日 9:00-20:30,,〒916-0046 福井県鯖江市横江町1-701,0778-52-8906,slimshouji@rp.ttn.ne.jp,https://www.instagram.com/slim.the.coffee.resort/Facebook,店内で焙煎したこだわりのコーヒー豆を使ったコーヒーやアレンジコーヒーが選択自由、お替り自由の新感覚カフェ。店内は植物が活きるバイオフィリックデザイン。フードやデザートをはじめ、ランチ・モーニングビスも充実。Wi-Fi完備で一人でも充実した時間をお過ごしいただけます。,,http://slim.velvet.jp/,,,,,,https://www.facebook.com/slimthecoffeeresort,,,,,,,,,,,,,,,,,,,,
Tanzen,https://renew-fukui.com/exhibitor/tanzen/,https://renew-fukui.com/kanri/wp-content/uploads/2023/08/a52438637c8a2b4e7adb07011f26addd.jpg,"工房見学,工房見学予約受付,ワークショップ,ワークショップ予約受付,ショップ",6-8日,6-8日 10:00-17:00,〒915-0801 福井県越前市家久町63-11-1,080-3743-1439,info@tanzen-f.jp,https://instagram.com/tanzen_inc?igshid=MmIzYWVlNDQ5Yg==,"2011年にマエダ木工として創業を開始し、2020年に法人化を達成して株式会社Tanzenとなりました。
現在、5名のスタッフが所属し、本社は福井県越前市に設けられています。
我々の主な業務は国産の無垢材を用いた家具の製作です。特に、保育園向けのロッカーや下駄箱などの製品については、全国各地で利用されています。
さらに、全国の建築事務所と連携し、様々な住宅や商業施設の家具製作も行っております。美しく、機能的な製品を作り出すことに情熱を注ぎ、そのスキルと経験を活かしてお客様に最高の木製品を提供しています。",6-8日 10:00-17:00,https://tanzen-f.jp/,,60分程度,,,https://nikkikagu.shop/,,,予約優先/飛び込み可,,,,,"MAIL:info@tanzen-f.jp
TEL:090-2038-9687",,,,,,,,,,,,,
SUNOPTICAL&Gallery,https://renew-fukui.com/exhibitor/sunopticalgallery/,https://renew-fukui.com/kanri/wp-content/uploads/2022/07/DSCF3020.jpg,"工房見学,工房見学予約受付,ショップ",6-8日,6-8日 10:00-19:30,〒916-0005 福井県鯖江市杉本町802-5,090-1632-7556,30-sof@sunoptical.co.jp,https://www.instagram.com/sprung.eyewear/,サンオプチカルは1964年の創業、セルロイドとアセテートフレームの製造、修理、オーダーフレーム製作をしている工場です。普段は一般向けに工場見学や手づくり眼鏡教室も受け付けております。,6-8日 10:30-11:10 / 13:00-13:40 / 15:30-16:10,sunoptical.co.jp,,30分,,,https://kijinart.thebase.in/,,,予約優先 / 飛入り可,,,,,TEL：090-1632-7556,,,,,,,,,,,,,
craftman  Daidai,https://renew-fukui.com/exhibitor/craftman-daidai/,https://renew-fukui.com/kanri/wp-content/uploads/2022/07/DSCF8631-4000x3000.jpg,"工房見学,ショップ",6-8日,6-8日 8:00-17:00,〒916-0272 福井県丹生郡越前町樫津51-2,090-6271-7836,c-m.daidai@gh.ttn.ne.jp,https://www.instagram.com/craftmandaidai/,親から子へ、そして孫へと代々使い継いでもらえるようなモノづくりをしていきたいという思いから名付けた屋号『Daidai』。無垢材にこだわり、飽きのこないシンプルなデザインを常に心がけたオーダーメイド家具製作を主に、古い桐箪笥や使いづらくなった婚礼タンスに少し手を加えて新たな形で使い続けてもらえるような家具のリメイクも手掛けています。そのほかコースターやトレイ、木皿などの普段使いの小物製作や近年はアタッシュケース・ハンドバッグ・ボディーバッグなどといった木製カバンの製作に取り組んでいます。,6-8日 8:00-17:00,www.cmdd.jp,,10分-20分,有り,,,,,,,,,,,,,,,,,,,,,,,
越前ギャラリーKITA’S,https://renew-fukui.com/exhibitor/kitas/,https://renew-fukui.com/kanri/wp-content/uploads/2021/07/KITAS03-1024x768.jpg,ショップ,6-8日,6-8日 10:00-17:00,〒915-0234 福井県越前市大滝町29-29,0778-43-7018,echizen@kitas-gallery.com,https://www.instagram.com/kitasgallery/,50年余り、産地活性化と伝統工芸の復興を目的に伝統工芸に携わり、越前など職人達とのコラボで伝統にデザインの力を加える事で現代に使えるモノづくりを提案してきたプロダクトデザイナー・喜多俊之氏の和紙を使った照明や陶磁器、漆器、テーブルウェア、国産の木や竹を使った家具、空間などを展示します。喜多氏自らプロデュースを手掛けた築70年あまりの古民家をリノベーションした空間で、越前和紙の展示や体験ができる国際的な拠点となる伝統工芸のギャラリーを目指しています。,,https://kitas-gallery.com,,,,,https://shop.kitas-gallery.com/,,,,,,,,,,,,,,,,,,,,,
ササマタ,https://renew-fukui.com/exhibitor/sasamata/,https://renew-fukui.com/kanri/wp-content/uploads/2023/08/IMG_5736-s-4000x2667.jpg,"工房見学,ワークショップ,ワークショップ予約受付,ショップ,求人募集",6-8日,6-8日 10:00-16:00,〒916-0033 福井県鯖江市中野町49-7,0778-51-0807,info@ssmt.jp,https://www.instagram.com/ssmt.jpn/?hl=nb,"株式会社ササマタは鯖江市でメガネの掛け心地を左右する細かい部品や、メガネ関連製品、その他アイデアの詰まった商品の開発・製造・販売を行っている企業です。 RENEWには今年初参加します。 ご愛用のメガネに合わせて作る跳ね上げ式偏光サングラス「シーザーフリップ2」のワークショップ等を開催する予定でおります。※要予約
どうぞお気軽にご参加ください。",6-7日 10:00- / 11:00- / 14:00- / 15:00-,https://www.ssmt.jp/,https://twitter.com/SSMT_CO_LTD,20-30分,有り（５台分）,,https://ssmt-bg.jp/,https://www.facebook.com/Sasamata-coltd-/,,要予約,,,,,予約フォーム：https://forms.gle/6MAZi62pRVNnA4dH8,,,,,,,一緒に働く人を募集しています。,,,,,,
椀椀,https://renew-fukui.com/exhibitor/wanwan/,https://renew-fukui.com/kanri/wp-content/uploads/2021/07/wnwn01-1024x683.jpg,ローカルフード,6-8日,10:00-16:00,〒916-1221 福井県鯖江市西袋町40-1-2　うるしの里会館内,0778-65-3456,,,"河和田で採れた地野菜をふんだんに使った料理をいただける食堂です。椀椀の特徴は、なんと全ての食事が河和田の漆器で提供されること！さらにはテーブルまで越前漆器を使用しています。それでなくともおいしい料理が、一段とおいしく感じます。地場のテーブル、地場の器、地場の食材。河和田を五感で堪能ください。
RENEW期間中はミニバイキングをご用意しています!",,,,,,,,,,,,,,,,,,,,,,,,,,,,
佐々木セルロイド工業所,https://renew-fukui.com/exhibitor/sasakicelluloid/,https://renew-fukui.com/kanri/wp-content/uploads/2023/07/4a296d5ea2a5c691aa9007a2bf3ee063.jpg,"工房見学,ワークショップ,ワークショップ予約受付,ショップ,求人募集",6-8日,"6-7日 10:00-12:00 / 13:00-17:00
8日 10:00-12:00 / 13:00-16:00",〒916-0084 福井県鯖江市小泉町31-3-10,0778-62-2535,info@celluloid.co.jp,https://www.instagram.com/sasakicelluloid/?hl=ja,"鯖江で創業して以来100年余り、アセテートとセルロイドの眼鏡を造り続けてきました。品質に定評のある当社の眼鏡は、約40名の職人の手作業により、日々真心込めて生み出されています。
佐々木セルロイド工業所は鯖江の中でも最も古い眼鏡製造工場の内の一社ですが、これからの日本における眼鏡産業の発展のため、オリジナルの眼鏡やアクセサリーの開発など新しいことにも力を入れています。歴史ある佐々木セルロイド工業所の眼鏡造りと挑戦を体感しに、ぜひお越しください。","6-7日 10:00-12:00 / 13:00-17:00
8日 10:00-12:00 / 13:00-16:00",,,20分程度,,,,https://www.facebook.com/sasakicelluloid?locale=ja_JP,,,,,,,,,,,,,,一緒に働く人を募集しています。,,,,,,
cafe&guesthouseココラカラ,https://renew-fukui.com/exhibitor/cococara/,https://renew-fukui.com/kanri/wp-content/uploads/2022/07/kokorakara02-768x1024.jpg,ローカルフード,,,〒910-2527福井県今立郡池田町板垣52-6,,,,福井県池田町で、カフェとゲストハウスを営んでいます。四季折々の里山の幸を使って植物性のごはんやおかしをおつくりします。 緑と光が溢れ、心地よい風が通り抜ける民家で、ほっと一息ついたり、思いもよらぬ出会いが生まれたり。 ここらのものを五感で感じ、 ここらのものから、心と身体を満たしていただけますように。,,,,,,,,,"7日 11:00-15:00
※無くなり次第終了",,,,,,,,,,,,,,,cgkokora@gmail.com,https://kokorakara.jp,,,
瀧株式会社・TAKIPAPER,https://renew-fukui.com/exhibitor/takipaper/,https://renew-fukui.com/kanri/wp-content/uploads/2021/07/takipaper02-1024x904.jpg,"工房見学,工房見学予約受付,ショップ,求人募集",6-7日,6-7日 10:00-12:00 / 13:00-16:00,〒915-0233 福井県越前市岩本町2-26,0778-43-0824,michivic@takipaper.com,https://www.instagram.com/takipaper/,"越前和紙の里で紙漉きから印刷まで、一貫生産で和紙製品作りをしている瀧株式会社・TAKIPAPERです。
アフリカのザンビアに自生するバナナの茎を原料に紙を作るプロジェクトに参画し、社会の持続可能性に寄与する仕事にも取り組んでいます。",6-7日 10:00-12:00 / 13:00-16:00,https://www.takipaper.com/,https://twitter.com/takipaper,15分,,一緒に働く人を募集しています。,https://www.takipaper.jp/,https://www.facebook.com/michivic,,予約優先 / 飛入り可,,,工場内、水で濡れた場所や、回転する機械など転倒や事故の危険がございます。案内を担当するスタッフの指示を守るようお心がけください。,,"TEL：0778-43-0824
MAIL：michivic@takipaper.com",,,,,,,,,,,,,
山次製紙所,https://renew-fukui.com/exhibitor/yamatsugi/,https://renew-fukui.com/kanri/wp-content/uploads/2022/07/washibako.jpg,"工房見学,工房見学予約受付,ショップ",6-8日,6-8日 9:00-12:00 13:00-17:00,〒915-0234 福井県越前市大滝町29-5,0778-42-0553,info@yamatsugi-seishi.com,https://www.instagram.com/yamatsugi_seishisyo/,"山次製紙所は、明治元年創業の手漉き越前和紙のメーカー。様々な技法を使って模様を付ける美術小間紙の製造を主としています。
生活必需品ではなくなり、伝統工芸と見られるようになってきた手漉き和紙を、昔のように身近に感じる存在にしたい。その想いから、『和紙を現代のあたりまえに』をビジョンに掲げ、日々製作に取り組んでいます。
近年では、独自の技法で凹凸をつけた「浮き紙」という和紙を用いた茶缶やカードケースなどの日用品も展開し、和紙の可能性を探求し続けています。伝統工芸も使い方によって現代の生活になじむのだということを、浮き紙をはじめとする私たちの和紙を通して知っていただけたら嬉しく思います。",6-8日 9:30-10:30 / 11:00-12:00 / 13:30-14:30 / 15:00-16:00,http://yamatsugi-seishi.com,https://twitter.com/yamatsugiseishi,45分,有り,,http://series-yamatsugi.stores.jp,https://www.facebook.com/yamatsugiseishi/,,"要予約（先着6名様まで）
併設ショップの入場、商品のご購入のみの場合は予約不要",,,,,こちらから受け付けております,,,,,,,,,,,,,
PlusJack,https://renew-fukui.com/exhibitor/plusjack/,https://renew-fukui.com/kanri/wp-content/uploads/2021/07/purasujakku01-1024x684.jpg,"工房見学,工房見学予約受付,ショップ,求人募集",6日,6日 8:30-12:00 / 13:00-16:30,〒916-0015 福井県鯖江市御幸町1-301-11,0778-53-1885,info@plusjack.com,https://www.instagram.com/plusjack_sabae/,"わたしたちが扱う素材は、綿花を主体とした植物性樹脂セルロースアセテートを使用しています。
刃物を使い切削での成形・熱をかけての曲げ・溶剤による貼り付け・磨き・埋め込み・打ち込みなど160工程以上、これまで培ったアセテート材に関する加工の技術を活かし、社内で一貫して製造を行っています。",6日 8:30-12:00 / 13:00-16:30,https://plusjack.com/,https://twitter.com/plusjack_sabae,60分,有り,一緒に働く人を募集しています。,https://ademoku.com/ademoku/html/,https://www.facebook.com/plusjack1988/,,要予約,,,,,WEB：https://plusjack.com/%e5%b7%a5%e5%a0%b4%e8%a6%8b%e5%ad%a6,,,,,,,,,,,,,
SHIBA COFFEE,https://renew-fukui.com/exhibitor/shiba-coffee-2/,https://renew-fukui.com/kanri/wp-content/uploads/2023/09/SHIBA-COFFEE1.jpeg,ローカルフード,,,〒916-1222 福井県鯖江市河和田町19-1-7,,,https://www.instagram.com/shiba_coffee/?igshid=NzZhOTFlYzFmZQ%3D%3D,鯖江・河和田にある複合施設PARKにて週末のみカフェを営業しています。ハンドドリップのコーヒー・季節のフルーツを使ったドリンクや自家製の焼菓子を週替わりで提供しています。RENEW当日は漆琳堂の敷地内にて数種類の焼菓子とドリンクをご用意してお待ちしております。ぜひお立ち寄りください。,,,,,,,,,7•8日 10:00-15:00,,,,,,,,,,,,,,,,,,,
有限会社辻田漆店,https://renew-fukui.com/exhibitor/tujitaurushi/,https://renew-fukui.com/kanri/wp-content/uploads/2023/07/IMG_2262-4000x3000.jpeg,"工房見学,求人募集",7-8日,,〒915-0261 福井県越前市朽飯町22-24,0778-42-1034,info@shikki-darumaya.com,,創業150年以上、漆製造業の小さな会社です。主に日本国内や中国で採取された漆を精製して販売しております。漆は採れた場所や時期によって個性があります。天然の漆、伝統的な製造機などをご覧いただけます。,8日 10:00-12:00,http://www.tujita.co.jp,,30分,,,https://tsujita.ocnk.net,,,,,,漆かぶれに敏感な方はお控えください。,,,,,,,,,一緒に働く人を募集しています。,,,,,,
清水紙工,https://renew-fukui.com/exhibitor/shimizushikou/,https://renew-fukui.com/kanri/wp-content/uploads/2022/07/230110FTRAD0069-2-4000x3000.jpg,"工房見学,ショップ",6-7日,6-7日 10:00-16:00,〒915-0232 福井県越前市新在家町11-11-1,0778-42-0461,info@shimizushikoh.com,https://www.instagram.com/shimizu_shikoh/,"清水紙工は、昭和22年に和紙の加工専業メーカーとして創業しました。
印刷をしたり、シワを付けたり、水に強くしたり、燃えにくくしたり、紙に様々な付加価値を付けています。そうした技術を活かして、主に壁紙やパッケージ用紙などを製造しています。
現在では、紙の加工にとどまらず、Podcastで紙にまつわる情報を発信したりSocial goodな紙の作り方や使い方を提案する「Paper for good」といったプロジェクトにも取り組んでいます。",6-7日 10:00-16:00,,,30分程,有り,,,https://www.facebook.com/shimizushikoh,,,,,ケガの危険がありますので、見学の際は、係りの指示に従ってください。,,,,,,,,,,,,,,,
AmigoTacos,https://renew-fukui.com/exhibitor/amigotacos/,https://renew-fukui.com/kanri/wp-content/uploads/2021/07/33186811_1959665690732498_1399638230113976320_n.jpg,ローカルフード,7-8日,※うるしの里会館フードコートにて出展,,,amigotacos7@gmail.com,https://www.instagram.com/amigotacos/,メキシコ料理の移動販売車です。地産地消のお野菜たっぷりの、本格的でありながら食べやすいメキシコ料理です。辛くないのでお子様も安心してお召し上がりいただけます。辛いのがお好きな方にはハバネロソースがおすすめです。muy rico comida mexicana,,,,,,,,,,,,,,,,,,,,,,,,,,,,
漆器のだるま屋,https://renew-fukui.com/exhibitor/darumaya/,https://renew-fukui.com/kanri/wp-content/uploads/2021/07/darumaya01-1024x684.jpg,ショップ,6-8日,6日 10:00-12:00 / 13:00-17:007-8日 10:00-17:00,〒916-1223 福井県鯖江市片山町7-8-1,0778-65-0068,info@shikki-darumaya.com,,"西武福井店の前身、だるま屋百貨店が昭和3年に開業した頃より、伝統を守る美しい漆器を作り続けています。屋号のだるま屋は家庭用品部・漆器取次所として使用を認められました。
特徴は、昔ながらの伝統と新しいデザインを融合した匠の技で作り上げた様々な漆器製品です。日常生活に気楽に取り入れられるもの・斬新でモダンなもの・和の心が伝わるものなど、塗の艶やかさ・優しさ・美しさを日々の暮らしに程よい心地よさをお届けできるよう心掛けています。",,http://www.shikki-darumaya.com,,,有り,,http://www.shikki-darumaya.com,,,,,,,,,,,,,,,,,,,,,
ギャラリー墨唐三六六,https://renew-fukui.com/exhibitor/gallerysumikara/,https://renew-fukui.com/kanri/wp-content/uploads/2023/07/116cfe1bca187d9641be3338d608db5b.jpg,"工房見学,ワークショップ,ワークショップ予約受付,ショップ",6-8日,,〒915-0811福井県越前市本多3-2-5,090-2644-9730,miyukiueda112@gmail.com,https://www.instagram.com/miyuki_ueda_arts/?hl=ja,ギャラリーでは、アーティスト上田みゆきの原画や，グッズも販売している他に、ワークショップなども含めた宿泊型リトリートも開催。また、ギャラリー墨唐三六六内の内装画，襖絵などの受注や、DIY内装のサポートやアドバイスなどもお受けしています。,,miyukiueda.com,,40分程度,,,https://miyukueda.thebase.in/,,,,,,,,,,,,,,,,,,,"6・7日 10:00-12:00 / 13:00-17:00
8日 10:00-12:00 / 13:00-16:00",,
マルイチセーリング,https://renew-fukui.com/exhibitor/maruichi/,https://renew-fukui.com/kanri/wp-content/uploads/2022/07/fukui_img2-4000x2670.jpg,"工房見学,ショップ,求人募集",7-8日,,〒915-0256 福井県越前市赤坂町33-8-1,0778-43-8800,info@01-s.co.jp,https://www.instagram.com/accounts/login/?next=/maruichi_s_official/,"マルイチセーリングは、創業70年以上のソファメーカーです。
企業スローガン「生活製作所」の実現をめざし、メイド・イン・ジャパンのモノづくりにこだわりながら、企画、デザインから製作まで一貫して行っています。
Maruichiのモノづくりは、品質はもちろん、人や地球に負荷をかけないこと。充実したアフターケアにより永く使っていただけること。ものづくりに携わる者としての責任を全うすること。このような思いで、私たちは次世代に継ぐモノづくりへと歩んでいます。",,www.maruichi1950.jp,,30分程度,,,,,,,,,,,,,,,,,,一緒に働く人を募集しています。,,,,8日 10:00-12:00 / 13:00-16:30,,
山田兄弟製紙・久兵衛,https://renew-fukui.com/exhibitor/yamadakeitei/,https://renew-fukui.com/kanri/wp-content/uploads/2022/07/DSC_4804-905x1024.jpg,"工房見学,ワークショップ,ワークショップ予約受付,ショップ",,6-8日 10:00-12:00 / 13:00-16:00,〒915-0235 福井県越前市不老町15-4,0778-43-0043,papyrus@yamada-keitei.com,https://www.instagram.com/kyubei.echizenwashi/,"創業1882年、現在141年目の機械抄き越前和紙のメーカーです。越前和紙の伝統を受け継ぎながら、環境にやさしいヨシ紙や全国でも数少ない雲華紙を製造しています。ヨシ紙は水辺に生育する葦を原料にSDGsに優れた和紙で京都祇園祭りの団扇にも使われています。
またオリジナルブラント「久兵衛」にて和紙の文房具も販売しています。久兵衛の和紙のメモパットは伝統工芸品として企業のノベルティーにもよく使われています。",6-7日 10:00-12:00 / 13:00-15:00,https://www.yamada-keitei.com/,https://twitter.com/FOYANO,,有り,,https://www.echizenwashi-kyubei.jp/,https://www.facebook.com/yamadakeitei.seishi,,予約優先/飛入り可,,,,6-8日,Instagram：https://www.instagram.com/kyubei.echizenwashi/,,,,,,,,,,,,,
谷口眼鏡,https://renew-fukui.com/exhibitor/taniguchi/,https://renew-fukui.com/kanri/wp-content/uploads/2021/07/tanigutigankyo02-1024x683.jpg,"工房見学,ワークショップ,ワークショップ予約受付,ショップ,求人募集",7-8日,7・8日 10:00-17:00,〒916-1221 福井県鯖江市西袋町228,0778-65-0811,info@turning-opt.com,,"1957年創業のプラ枠一筋に作り続ける眼鏡工場です。
2017年、谷口眼鏡は60周年を迎え、新たにコーポレートメッセージ「よりそう、めがね」を掲げました。これは、自分たちがこれまでいちばん大切にしてきたこと、同時に次の60年も大切にしていくこと。製品をはじめ、すべての事柄で「よりそう」ことを大切にしていきます。その掛け心地を体験してみてはいかがでしょうか。
オリジナルブランド「TURNING」「tesio」の試着・購入ができるストアもオープンします。ぜひお立ち寄りください。",7・8日 10:00-17:00,http://www.turning-opt.com/,,30分程度,有り,,https://tesio-sg.stores.jp/,,,不要,,,工房見学・ショップ等の受入時間の変更の可能性がございます。予めご了承ください。,,,,,,,,,,,,,,,
越前打刃物振興施設「越前千代鶴の館」,https://renew-fukui.com/exhibitor/chiyozurunoyakata/,https://renew-fukui.com/kanri/wp-content/uploads/2022/07/0588fdf0cf48b9f96b49055e12a10d86-4000x2667.jpg,工房見学,6-8日,,〒915-0873 福井県越前市池ノ上町48-6-1,0778-22-1241,,,越前打刃物は、南北朝時代 刀匠千代鶴国安の越前府中定住に始まり、約700年の歴史がある。1979年打刃物としては全国初の国伝統的工芸品に指定。当施設は、越前打刃物の技術の継承と歴史・文化の紹介を目的として平成30年8月にオープン。5年を経過しイメージアップを図るために愛称を公募し、令和5年4月1日より「越前千代鶴の館」に改めました。歴史や技術などを紹介する展示棟、後継者育成や実演などを行う工房棟、講習や各種教室などを行う研修棟がある。「刃物の里」エリアの打刃物工房群の拠点施設として、観光客等にPRするために、鍛冶職人による「実演語り部」（週4日程度）や刃物の手研ぎ教室など各種イベントを充実開催（不定期）。,6・7日 10:00-12:00 / 13:00-17:008日 10:00-12:00 / 13:00-16:00,,,20-30分,,,,,,,,,,,,,,,,,,,,,,,,
八田経編　鯖江工場,https://renew-fukui.com/exhibitor/hattatateami/,https://renew-fukui.com/kanri/wp-content/uploads/2022/07/fd74392c4784b7f7e5f49083290cf3bc-4000x2667.jpg,"工房見学,工房見学予約受付,ショップ,求人募集",6-7日,6-7日 10:00-12:00 / 13:00-17:00,〒916-0033 福井県鯖江市中野町115-10,0778-52-1200,info@8ta.co.jp,https://www.instagram.com/8ta_warpknit/?hl=ja,1949年創業の八田経編は「信頼される品質」・「信頼される技術」・「信頼される感性」の三つの信頼を軸に「経編のプロ集団」として幾多の時代変化の荒波を乗り越えながら、経編の可能性を日々追求しています。市場ニーズを掘り起こしつつのファッション・スポーツ素材、自動車用シート材やカーテンといった産業・生活資材まで幅広い分野に向けて開発供給してきました。これからも産業と生活者の明日を支える価値を提供していきます。イベント中は生地づくりをご覧いただける工場見学と経編博物館では経編についての紹介やデットストックのハギレやオリジナル商品を販売します。ぜひお立ち寄りください。,6-7日 10:00-12:00 / 13:00-17:00,www.8ta.co.jp,,30分,,一緒に働く人を募集しています。,,https://www.facebook.com/ReliableHattaAlways,,不要,,,"指定場所を除き工場内では写真撮影はご遠慮願います。
危険ですので係りの指示なく、機械や道具に触らないでください。",,,,,,,,,,,,,,,
はごろもシフォン,https://renew-fukui.com/exhibitor/hagoromo/,https://renew-fukui.com/kanri/wp-content/uploads/2022/07/523ef2d4d6de13269fb29e0feda90709-1024x576.jpg,ローカルフード,,,,,,https://www.instagram.com/hagoromochiffon/,手作りだから美味しいふわふわのシフォンケーキはいかがですか?カヌレ、ミルクレープもございます。,,,,,,,,,"8日 11:00-15:00
※無くなり次第終了",,,,,,,,,,,,,,,hagoromochiffon@gmail.com,,,,
中西木材,https://renew-fukui.com/exhibitor/nakanishimokuzai/,https://renew-fukui.com/kanri/wp-content/uploads/2023/07/0a8088130241e4c27d1198a88c7a48d0.jpg,"工房見学,求人募集",,,,,,,"中西木材の使命は森林を守り、森と共存した社会をつくること。森林資源の有効活用と豊かな住環境の実現を目指し、持続可能な社会の構築に向かってチャレンジします。
森林の整備をはじめ、伐採した木材を活用したオリジナル商品デザインウッドやふくゆかの製造販売・パレットなどの産業資材の製造販売・木質ペレットなどの木質燃料の製造販売・リサイクル業・木造住宅の設計・施工など木材の可能性を開発する企業です。",,,,,,,,,,,,,,,,,,,,,,,,,,,,
越前和紙の里 紙の文化博物館,https://renew-fukui.com/exhibitor/washi_museum/,https://renew-fukui.com/kanri/wp-content/uploads/2021/07/kaminobunka01-1024x683.jpg,工房見学,6-8日,,〒915-0232 福井県越前市新在家町11-12,0778-42-0016,museum@echizenwashi.jp,https://www.instagram.com/echizen.washi/,1500年を越える歴史を有する越前和紙。紙の文化博物館ではその発祥や長い歴史、和紙を取り巻く人々の営みを学ぶことができます。また、産地を代表する和紙を360点展示する他、創作的な襖紙やタペストリーなどもご覧いただけます。古来より公文書、書画、出版、建築など日本の文化を支えてきた越前和紙の魅力について触れてください。,6-8日 9:30-17:00（入館は16:30まで）,https://www.echizenwashi.jp/museum/,,45分,,,,,,,6-8日 9:30-17:00（入館は16:30まで）,高校生以下無料 / 入館料:大人300円 / 団体200円,"※15名様から団体割引となります。
※卯立の工芸館との共通入館料です。",,,,,,,,,,,,,,,
くめちゃん,https://renew-fukui.com/exhibitor/kumetyan/,https://renew-fukui.com/kanri/wp-content/uploads/2021/07/001IMG_3056-1-1024x683.jpg,ローカルフード,6-8日,※うるしの里会館フードコートにて出展,〒916-1237 福井県鯖江市北中町733-2,0778-65-1129,,,"年中無休で焼き鳥・焼肉を提供するくめちゃん。地元の人が方々から集うカウンター席は河和田の社交場です。
地元の人々に愛され、あたたかな雰囲気で食べる焼肉に、思わず笑顔になります。不思議といつもより開放的な気分になり、話に熱が入るのもいつもの風景。
店舗では、お座敷を備え、団体でも利用可能です。",,,,,,,,,,,,,,,,,,,,,,,,,,,,
酒伊編織,https://renew-fukui.com/exhibitor/sakai_amiori/,https://renew-fukui.com/kanri/wp-content/uploads/2022/07/img02.jpg,"工房見学,ワークショップ,求人募集",6日,,〒916-0027 福井県鯖江市桜町2丁目1-5,0778-51-4640,info@amiori.co.jp,,鯖江市にある繊維加工会社です。主に国内大手スポーツ用品メーカーのOEM生産をしています。生地の開発～裁断～縫製～仕上げ～出荷まで、さらにプリントや刺繍、転写などの加工も可能です。この技術を使って「新しいものづくり」を模索しており、一般向けの加工サービスも準備中です。「ものづくり」のハードルを下げることで出来るだけ多くの人の「ものづくり」を応援していけたらと考えております。,9:00-12:00 / 13:00-17:00,https://sakaiamiori.com/,,30分～1時間,駐車場所は当日係員がご案内いたします。,一緒に働く人を募集しています。,,,,不要,,,"※危険な機械が多いため、指示に従って下さい。
※工房内の商品は、撮影禁止です。",,,,,,,,,,,,,,一緒に働く人を募集しています。,
長田製紙所,https://renew-fukui.com/exhibitor/osada/,https://renew-fukui.com/kanri/wp-content/uploads/2021/07/osada01-1024x683.jpg,"工房見学,工房見学予約受付,ワークショップ,ワークショップ予約受付,ショップ",6-8日,6-8日 10:00-12:00 / 13:00-17:00,〒915-0234 福井県越前市大滝町29-39,0778-42-0051,osadawashi@gmail.com,https://www.instagram.com/osadawashi/,長田製紙所は1909年創業の紙漉き工場です。手漉き襖紙の老舗として様々なデザインの襖を手がけてきました。現在は「かみと生きる、かみと暮らす」をテーマに、原料の煮熟から板張り乾燥まで、手作業ならではの襖紙や壁紙の製造、柿渋塗りや和紙雑貨の加工など、多岐にわたる仕事をしています。どのように作り、どのように使うのか。人と人との関わりの中で、多種多様な紙の文化を築いていければ嬉しいです。,6-8日 10:00-12:00 / 13:00-17:00,https://osada-washi.jp/,,10分程度,有り,,https://osadawashi.stores.jp/,https://www.facebook.com/osadawashi/,,不要,,,"【工場見学について】
少人数で工場を回しているため、毎日、紙漉きの全工程を行っているわけではございません。工場の営業がない日は作業は不定期となり、ご覧いただけない場合が多いですが、工場内現場をご覧いただけます。",,,,,,,,,,不要,,,,,
山うにの里 ほやっ停,https://renew-fukui.com/exhibitor/yamauni-hoyattei/,https://renew-fukui.com/kanri/wp-content/uploads/2021/07/image003.jpg,ローカルフード,6-8日,※期間中、お店も通常営業致します。（11:00-18:00）,〒916-1224 福井県鯖江市莇生田町12-1-1,070-2251-1991,seki@echizentai.com,https://www.instagram.com/yamauni.yuzuaka/,河和田の伝統薬味「山うに」。山うには柚子に赤なんば・唐辛子・塩をすり込んで作られる家庭の味です。山うにをより多くの人に知ってもらい、美味しく味わってもらうため、河和田で「山うに屋ほやっ停」を営んでいます。また、山うにを生かした様々な食材との加工品も製造し、一人でも多くの方にお届けできるよう努めています。,,http://echizentai.com/,,,,,,,,,,,,,,,,,,,,,,,,,,
土直漆器,https://renew-fukui.com/exhibitor/thuchinao/,https://renew-fukui.com/kanri/wp-content/uploads/2021/07/tsutinao01.jpg,"工房見学,ワークショップ,ワークショップ予約受付,ショップ",6-8日,6-8日 10:00-17:00,〒916‐1221 福井県鯖江市西袋町214,0778-65-0509,info@tsuchinao.com,https://www.instagram.com/tsuchinao_shikki/,"福井県鯖江市河和田を中心とする越前漆器は、その地域全体で分業体制が確立しており、素地作りや塗り、加飾など様々な工程を高度に専門化することで美しく堅牢な作品を生産しています。
土直漆器では、それぞれ専門の職人を抱え、素地作り以外の全工程（下地、中塗、上塗、蒔絵）を同じ工場内で細かい意思疎通を図りながら作業を進めます。
伝統的「技」を伝承する一級技能士を含めた熟練のスタッフと女性を含む若いスタッフが多いもの特徴です。
ベテランスタッフの伝統技術と若手スタッフの新しい発想、デザイン力をうまく融合し現代のニーズに応えたモノ作りを行っています。",6日 11:00- / 14:00- / 15:00-,https://tsuchinao.com/,,30分,有り,,https://www.rakuten.ne.jp/gold/tsuchinao-sikki/,,,予約不要 / 先着順,,,,,,,,,,,,,,,,,,
高橋工芸,https://renew-fukui.com/exhibitor/takahashikougei/,https://renew-fukui.com/kanri/wp-content/uploads/2022/07/PXL_20210915_021225562.PORTRAIT-1024x768.jpg,"工房見学,工房見学予約受付,ショップ",6・7日,6-7日 10:00-12:00 / 13:00-17:00,〒916-1115 福井県鯖江市落井町50-5-1,0778-65-0369,info@o-takahashikogei.com,https://www.instagram.com/takahashi_kougei_sabae/,鯖江市で100年近く続く越前漆器製造の会社です。創業時から様々な漆器製品の製造販売をしており、近年ではお茶道具や節句人形の屏風・台を中心に製造しています。社内では吹き付けによる塗りを中心に人の手で丁寧に作業しています。現在は日常に彩りを加えてより豊かにすることをコンセプトに自社製品の開発にも力を入れています。製品を通じて今より少しだけ大きな心のゆとりを生み出すことが弊社の目標です。,6-7日 10:00-12:00 / 13:00-17:00,https://o-takahashikogei.com,,15分程度,,,https://takahashikg.official.ec,,,,,,,,,,,,,,,,,,,,,
越前和紙ろまん・工房ひこざ,https://renew-fukui.com/exhibitor/romann/,https://renew-fukui.com/kanri/wp-content/uploads/2021/07/hikoza02-768x1024.jpg,ショップ,6-8日,6-8日 9:00-17:00,〒915-0233 福井県越前市岩本町10-37（大滝展示室）,0778-43-0033,h.yanase@ebony.plala.or.jp,,和紙を使った雑貨品の製造販売を行っています。食卓において…今日の楽しみ、明日の楽しみが発見出来る商品の開発をしてやさしさと心のゆとりを生み出す恋心ある和紙らしい和紙を展示しています。,,,,,,,,,,,,,,,,,,,,,,,,,,,,
fill,https://renew-fukui.com/exhibitor/fill/,https://renew-fukui.com/kanri/wp-content/uploads/2023/09/DSC09670-4000x2667.jpg,ショップ,,,,,fill.aoym@gmail.com,https://www.instagram.com/fill_atelier_,"福井の閑静な住宅街で小さなアトリエを営んでいます。(@fill_atelier_) 
生活に寄り添う品を製作したりセレクトしたりしています。 2023年6月、original products水麗(生活衣服)がdebutしました。史や哲学を根源に、出会う人や場から恵みを受け取り育むもの、感情・感覚を通して生み出されるもの、麗しい水のように生きるための、そして活きるための衣服を展開しています。 renew3日間はRYOZO SHOP gallery space2Fに限定shopとして出店します。生活衣服、装飾の展示販売、越前和紙と融合した空間デザインをお楽しみください。 予約不要、どなたでもご覧いただけます。",,,,,,,,,7・8日 10:00-12:00 / 13:00-17:00,,,,,,,,,,,,,,,,,,,
井上リボン工業,https://renew-fukui.com/exhibitor/inoueribbon/,https://renew-fukui.com/kanri/wp-content/uploads/2022/07/DSCF9256-1024x768.jpg,"工房見学,工房見学予約受付,ショップ,求人募集",6-7日,6-7日 8:00-12:00 / 13:00-17:00,〒915-0233 岩本町9-4,0778-43-0810,imai@telala.com,,1948年に創業。細幅織物・編物の製造を専門とするメーカーとして、デザイン、設計から生産、染色加工、2次加工までの一貫生産を行っています。生産品は、2mmから100ｍmまでの細幅テープが主体で、インナーウェア、アウターウェア、スポーツウェア、産業資材への資材供給を主としています。「英知の結晶である独自商品を開発・生産し、社会に貢献する」という社是のもと、越前市ものづくり企業として、オリジナリティの高い商品を日々開発しています。創業70年を超えた今、100年目に向けて第二の創業と位置付け、伝統産業でありながらも常に新たな事業に取り組んでいきます。,6-7日 8:00-12:00 / 13:00-17:00,https://telala.com/,,20分,,,https://www.telalaonline.com/,,,"要予約
※来社前に必ずご連絡下さい",,,"・工房内では、写真撮影禁止です。
・工房内では、危険な機械もあるため、指示に従ってください。",,TEL：0778-43-0810,,,,,,,一緒に働く人を募集しています。,,,,,,
乾レンズ／Lens Park（レンズパーク）,https://renew-fukui.com/exhibitor/inui_lenspark/,https://renew-fukui.com/kanri/wp-content/uploads/2022/07/DSC_8225.jpg,"工房見学,工房見学予約受付,ワークショップ,ワークショップ予約受付,ショップ",6-8日,"6-8日 10:00-19:00（LensPark）
※L.O.18:30",〒916-0019 福井県鯖江市丸山町1-3-31,"0778-51-5447（乾レンズ）
0778-52-7977（レンズパーク）",yoyaku@inuilens.com（イベント予約用）,https://www.instagram.com/lenspark_sabae/?hl=ja,"福井県鯖江市は、眼鏡フレーム国内シェアナンバーワンのまち。
私たち乾レンズは1953年の創業以来、眼鏡やサングラスを通して日々の暮らしを快適に過ごしてもらうため、数々のレンズ製品をつくってきました。
そんな私たちのレンズ工場の隣にオープンした
LensPark（レンズパーク）は、目を守り、暮らしを楽しむことをテーマにした複合施設です。ギャラリーでレンズを選ぶ人、カフェで一息つく人、ショッピングを楽しむ人。それぞれが交わることを目指しています。さまざまな機能のレンズの中から自分にぴったりのレンズと出会い、“目を守る”ことの大切さを感じてみてください。","6-8日
10:00-10:50 / 11:00-11:50 / 13:00-13:50 / 14:00-14:50 / 15:00-15:50 / 16:00-16:50",https://www.inuilens.com/,,工場見学のみ40分,有り,,https://www.alltime-sunglass.shop/,https://www.facebook.com/inuilens.sabae/?ref=bookmarks,,予約優先 / 飛入り可,,,OEMのサングラスレンズ加工中です。写真が撮れない場所もあります。スタッフの指示に従ってください,,"TEL：0778-51-5447
MAIL：yoyaku@inuilens.com",,,,,,,,,,,,,
田舎生活体験　古民家ざくろの宿,https://renew-fukui.com/exhibitor/zakuronoyado/,https://renew-fukui.com/kanri/wp-content/uploads/2021/07/ccfb0ad11012abfe7d1284aa58c0a377-1024x683.jpg,宿泊,6-8日,,〒916-1235 福井県鯖江市上河内町25-3,090-7743-3555,ninnnik_reward_sea@yahoo.co.jp,,"ざくろの宿は、福井県鯖江市河和田地区にある素泊まり専用古民家です。コロナ以前は、漆器などの日本に興味がある外国人が２０か国からご利用いただいていましたが、最近は自炊宿ということで、キャンプ気分や恐竜博物館やスキーなど日本人の家族で気軽に利用される方増えています。また自然農法の体験や、自然散策。サイクリングなどにお勧めです。
近くには、福井名水の三場坂清水・桃源清水があります。徒歩２分に温泉施設ラポーセかわだがあります。河和田の自然を満喫してください。",,,,,,,,,,,チェックイン16:00- フリーチェックアウト14:00まで,,必ずご予約をお願い致します。,,TEL：090-6786-3988,,,,,,,,,,,,,
竹之助,https://renew-fukui.com/exhibitor/takenosuke/,https://renew-fukui.com/kanri/wp-content/uploads/2022/07/IMG_2116-1024x683.jpeg,"工房見学,ショップ",6・7・8日,6・7・8日 10:00-19:00,〒915-0023 福井県越前市池泉町2-9,0778-42-5576,info@takenosuke.com,https://www.instagram.com/takenosuke2015/,竹が竹として美しい。 切れば空洞、更に節がある。 何かを作ろうとするとその全てが行手を阻む。それが竹。 こんなにも扱いづらい材料を何故使うのか？ 答えは簡単「竹が大好きで美しいから」 竹は様々な形となって生活に溶け込んでいます。 食材になったり、食を楽しむ道具になったり、繊維を利用したり、はたまたフェンスになったり。 竹之助の目指す「竹って美しい」とは、竹が竹として愛されるものづくり。 限りなく竹として、竹の可能性をどこまでも探求し続ける旅である。,6・7・8日 10:00-19:00,https://takenosuke.com/,,10分,,,https://store.takenosuke.com/,https://www.facebook.com/takenosuke.2014,,,,,,,,,,,,,,,,,,,,
晃梅(梅忠商店),https://renew-fukui.com/exhibitor/koubai/,https://renew-fukui.com/kanri/wp-content/uploads/2021/07/kobai01-1024x684.jpg,"工房見学,ワークショップ,ショップ",6-8日,"6日 8:30-17:30 
7-8日 10:00-12:00/13:00-16:00",〒916-0019 福井県鯖江市丸山町1-1−21,0778-52-6338,info@kohbai.com,,日本で唯一、眼鏡製造に特化した機械工具・消耗資材の卸商社で、50年以上にわたり眼鏡製造にかかわる様々な商品を扱っています。眼鏡用の精密ドライバーやセル素材専用のセルヤスリ等、地元の職人さんに育てられた逸品工具は、手に取って初めてわかる良さがあります。RENEW開催中はWS実施のほか、弊社商品の小売りも対応します(現金のみ)。昔ながらの機械工具と現代の機械工具の両方を見て頂ける貴重な機会になると思います。,"6日 8:30-17:30
7-8日 10:00-12:00/13:00-16:00",www.kohbai.com,,10分,有り,一緒に働く人を募集しています。,https://umechu.myshopify.com/,,,,,,"※危険な機械が多いため、指示に従って下さい。
※撮影される場合は従業員に確認してください。",,,,,,,,,,,,,,,
RYOZO-柳瀬良三製紙所,https://renew-fukui.com/exhibitor/ryozo_seishisyo/,https://renew-fukui.com/kanri/wp-content/uploads/2022/07/image0-1-1024x858.jpeg,"工房見学,工房見学予約受付,ワークショップ,ワークショップ予約受付,ショップ,求人募集",6-8日,6-8日 10:00-17:00,〒915-0234 福井県越前市大滝町10-1,0778-42-1155,washi.ryozoyanase@outlook.com,https://www.instagram.com/yanase_syokunin/,"越前和紙の製造、小物販売、紙漉き体験工房の柳瀬良三製紙所です。柳瀬良三製紙所では1枚1枚手漉きしており、先代から伝わる和紙は光が透けるほど薄く、しなやかな風合いが特徴です。
くらしの中に溶け込んできた越前和紙。
独特の技術工法に触れ、越前和紙のことやこの産地のことを知っていただきたく、柳瀬良三製紙所ではショップと体験工房併設のオープンファクトリーとしております。",6・7日 9:00-10:00 / 10:30-11:30 / 13:00-16:30,https://ryozo875.thebase.in/,https://twitter.com/RYOZO11026480,20-30分,,一緒に働く人を募集しています。,https://ryozo875.thebase.in/,,,予約優先 / 飛入り可,,,,,TEL：0778-42-1155,,,,,,,,,,,,,
武生タンス町 三崎タンス店,https://renew-fukui.com/exhibitor/misakitansuten/,https://renew-fukui.com/kanri/wp-content/uploads/2022/07/topShopExte.jpg,"工房見学,工房見学予約受付,ショップ,求人募集",6・7日,6・7日 10:00-12:00 / 13:00-17:00,〒915-0822 福井県越前市元町5-10,0778-22-0568,kagu@misakitansu.com,,"初代・三崎半三郎が商家や寺社に出入りする指物師として信頼されたことで指物業を慶応元年ごろに創業いたしました。 江戸時代～明治時代には、商家の金庫代わりとして使われた「越前箪笥」や、檀那衆や寺社仏閣などのオーダー指物を製作してきました。
大正時代～昭和時代には、嫁入り道具としての「総桐たんす」で、親御さんが愛娘を送り出す親心のお手伝いをさせていただきました。
平成時代～令和になって、箪笥だけでなく「無垢木製品」のテーブルや棚類など、昔ながらの「越前指物」の意匠や技術を受け継ぎながら、現代のデザインや生活環境に即したオンリーワン商品をご提案しております。
地元に根差し、時代とともにお客様に寄り添い、現在まで１５０年以上続く老舗の家具店となり、ご愛顧頂いております。",6・7日 10:00-12:00,https://misakitansu.com,,10分,,一緒に働く人を募集しています。,,https://www.facebook.com/kagu8.net/,,要予約,,,,,※メールタイトルに【RENEW工房見学申込】と記入の上、メールをお送りください。,,,,,,,,,,,,,
越前 そば処 二男坊,https://renew-fukui.com/exhibitor/zinanbou/,https://renew-fukui.com/kanri/wp-content/uploads/2021/07/jinanbou01-1024x767.jpg,ローカルフード,6-8日,,〒916-0001 福井県鯖江市吉江町512,0778-51-4015,,,地元の人が足しげく通うお蕎麦屋さん。名物のあげおろし蕎麦は、サクサクのお揚げが絶品！こだわりの出汁つゆともよく合います。石臼で引いた蕎麦をはじめ、ソースカツや玉子カツ、そばから揚げからセットメニューまで、豊富なメニューがお楽しみいただけます。,,,,,,,,,,,7-8日　11:00-18:30,,,,,,,,,,,,,,,,,
うるしギャラリー久右衛門,https://renew-fukui.com/exhibitor/kyuuemon/,https://renew-fukui.com/kanri/wp-content/uploads/2022/07/IMG_0130-1-4000x2667.jpg,"工房見学,工房見学予約受付,ワークショップ,ワークショップ予約受付,ショップ",6-8日,6-8日 9:00-17:00,〒916-1222 福井県河和田町16-12,0778-65-0011,urushi9emon@gmail.com,https://www.instagram.com/urushigallerykyuuemon/,"丸山久右衛門商店は、1500年の伝統を誇る漆の里「河和田」で漆器の全行程を会得し、漆器業を広めてきた会社です。代々より宮内庁御用達の称号を受け、昭和54年には河和田で初めての勲五等瑞宝章を授与しました。現在、9代目の久右衛門は、1500年の伝統を守りながらも現代の生活に合致した漆器の提案に取り組んでいます。
また、うるしギャラリー久右衛門では、漆器のオンラインストアを中心に幅広い品揃えで販売を行っています。伝統と品質にこだわりながら、お客様に満足していただける漆器を提供しています。",6-8日 9:00-17:00,https://www.9emon.co.jp/,,,,,https://urushi9emon.com/,,,予約優先 / 飛入り可,,,,,（電話にて希望日時と時間、人数をお伝えください）,,,,,,,,,,,,,
五十嵐製紙,https://renew-fukui.com/exhibitor/igarashi/,https://renew-fukui.com/kanri/wp-content/uploads/2021/07/igarashi01-1024x684.jpg,"工房見学,ワークショップ,ワークショップ予約受付,ショップ",6-8日,6-8日 9:00-17:00,〒915-0233 福井県越前市岩本町12-14,0778-43-0267,wagamiya@angel.ocn.ne.jp,,創業100年の越前和紙製造メーカーです。壁紙・襖紙・小間紙・創作和紙・小物・Food Paper（捨ててしまう野菜や果物を漉き込んだ和紙）を漉いています。創作和紙は、最大10ｍサイズの和紙を漉く事が出来ます。また、海外にも輸出を行っており、有名アーティストにも好評を頂いています。いろんな厚さや模様・色など、多種多様な和紙を漉いています。,6-8日 9:00-17:00,http://www.wagamiya.com,,30-40分,,,https://wagamiya.stores.jp,,,,,,危険な機械もあるので、指示に従って下さい。工房内は床が濡れていますので、足元にご注意ください。,,,,,,,,,,,,,,,
山岸和紙店,https://renew-fukui.com/exhibitor/yamagishiwashi/,https://renew-fukui.com/kanri/wp-content/uploads/2022/07/pic_1-1024x683.jpg,"ワークショップ,ショップ,求人募集",6-8日,"6-7日 10:00-17:00
8日 10:00-16:00",〒915-0231 福井県越前市定友町23-7-1,0778-43-0308,info@washism.com,https://www.instagram.com/yamagishi_washi/,越前和紙の新たな価値を広める為、2018年にオリジナルブランド「sogoro(そうごろう)」を立ち上げました。「温故創新」をテーマに、身近に使えて日常がちょっとHAPPYになるような和紙商品をお届け致します。和紙が、人と人、地域と人、そして日本と世界をつなぐ架け橋になりますよう日々情報発信してまいります。,,https://washism.com/,,,,一緒に働く人を募集しています。,https://store.washism.com/,,,,,,,,,,,,,,,,,,,,,
TSUGI(SAVA!STORE),https://renew-fukui.com/exhibitor/tsugisavastore/,https://renew-fukui.com/kanri/wp-content/uploads/2021/07/TSUGI01-1-1024x683.jpg,"ワークショップ,ショップ,求人募集",6-8日,6-8日 10:00-18:00,〒916-1222 福井県鯖江市河和田町19-8,0778-65-0048,info@tsugilab.com,https://www.instagram.com/savastore_fukui/,"私たちTSUGIは、福井県鯖江市を拠点に活動するローカルクリエイティブカンパニーです。
2013年に結成し、以降産地の未来を醸成する様々なプロジェクトを展開した後、2015年に法人化。「福井を創造的な地域にする」をビジョンに、デザイン、商品開発、販路開拓までを一貫して行なっています。9月30日にリニューアルオープンしたばかりの「SAVA!STORE」では、福井のプロダクトや自社デザインの商品を取り扱っています。
TSUGIという名前は“次”の時代に向けて、その土地の文化や技術を引き“継ぎ”、新たな関係性を“接ぐ”という思いが込められており、地域に何が大切で何が必要かという問いに対して、リサーチと実践を繰り返しながら、領域を横断し、これからの時代に向けた創造的な産地づくりを行っています。",,https://tsugilab.com/,,,,"一緒に働く人を募集しています。
職種：ショップおよびEC担当",https://savastore.jp/,https://www.facebook.com/savastore.fukui,,,,,駐車スペースが限られているため、漆の里会館に駐車の上ご来店ください。,,,,,,,,,,,,,,,
福井WAZABI,https://renew-fukui.com/exhibitor/wazabi/,https://renew-fukui.com/kanri/wp-content/uploads/2022/07/RIMG0086-1024x768.jpg,ショップ,,,〒910-8582 福井市中央1-8-1 西武福井店5F,0776-28-8261,trad2016@ninus.ocn.ne.jp,https://www.instagram.com/fukuiwazabi/,"福井市の西武福井店5Fにある福井県の工芸品のセレクトショップです。
昨年に引き続き参加いたします。今回は草月陶房にてポップアップ出店いたします。",,,,,,,,https://www.facebook.com/search/top?q=%E7%A6%8F%E4%BA%95wazabi,6-8日 10:00-16:00,,,,,,,,,,,,,,,,,,,
サンユー,https://renew-fukui.com/exhibitor/sanyou/,https://renew-fukui.com/kanri/wp-content/uploads/2023/08/DSC1159-4000x2667.jpg,ショップ,6-8日,6-8日 10:00-17:00,〒916-1221 福井県鯖江市西袋町30-4,0778-65-0624,info@san-you.jp,https://www.instagram.com/airbanglesabae/,株式会社サンユーは、福井県鯖江市の地場産業である越前漆器と眼鏡の素材と職人の手技を使って、今までにない新しいアイデアをカタチにしています。主に、越前漆器の技を生かした雑貨と、越前漆器と眼鏡の素材などのコラボレーションによるオリジナルブランドなど、鯖江の技をベースにものづくりを展開。暮らしの中で見つけた使いやすさ、美しさ、心地良さ、楽しさなどの「気づき」を、産地ならではの匠の技と素材の魅力で具現化することで、使う人の気分を高め、日々を彩る、豊かなライフスタイルをご提案しています。,,https://sabae.san-you.jp/,https://twitter.com/airbanglesabae,,,,,,,,,,,,,,,,,,,,,,,,,
漆琳堂,https://renew-fukui.com/exhibitor/shitsurindo/,https://renew-fukui.com/kanri/wp-content/uploads/2022/07/1-1-1024x683.jpg,"工房見学,工房見学予約受付,ワークショップ,ワークショップ予約受付,ショップ",6-8日,6-8日 10:00-17:00,〒916-1221 福井県鯖江市西袋町701,0778-65-0630,info@shitsurindo.com,https://www.instagram.com/shitsurindo/,"漆琳堂は創業1793年（寛政5年）。福井県鯖江市で代々漆業に携わってきました。 自社ブランド「aisomo cosomo」や「お椀や うちだ」を発表し、2020年には長年受け継がれてきた漆塗りの技術を基に「RIN＆CO.」をデビューさせました。2016年本社工房の地に新しく直営店をオープン。
自社ブランドの他、1000種以上にも及ぶ業務用のお椀など、江戸時代から八代続く漆琳堂の仕事の数々を手にとってご覧いただけます。この地で育まれ、受け継がれてきた漆のモノづくりと、先人より引き継いできたものを次の世代へと引き継ぎながら、漆とお椀の文化を発信しております。",7•8日 10:45- / 13:45- / 15:45-,http://shitsurindo.com/,,30分,,,https://shitsurindo-onlinestore.com/,https://www.facebook.com/shitsurindo,,予約優先 / 飛入り可,,,,,WEB：https://reserva.be/shitsurindo,,,,,,,,,,,,,
かわだ尾花屋まちライブラリーWarashi café,https://renew-fukui.com/exhibitor/warashi-cafe/,https://renew-fukui.com/kanri/wp-content/uploads/2022/07/IMG_2966-1024x683.jpg,ローカルフード,6-8日 10:00-20:00,,〒916-1222 福井県鯖江市河和田町19-1-9,0778-65-0059,tengouryukikou@hotmail.co.jp,instagram.com/warashicafe,築100年を超える古民家で、三代続く商家「尾花屋」。2015年に自力改装して店舗・座敷を開放し、私設図書館とイベントスペース「かわだ尾花屋まちライブラリーWarashi café」となりました。野草茶飲み比べイベント、ダンスパーティー、子どもフェスなど、尾花屋で開かれる種々のイベントには地域の方々が集まり、くつろぎの場となっています。,,,,,,,,https://www.facebook.com/obanaya,,,,,,,,,,,,,,,,,,,,
井上徳木工,https://renew-fukui.com/exhibitor/inouetoku/,https://renew-fukui.com/kanri/wp-content/uploads/2022/07/d9a557937e2db5ac821f0dc74c0ca104-4000x2666.jpg,"工房見学,工房見学予約受付,ワークショップ",6-8日,,〒916-1222 福井県鯖江市河和田町26-19,0778-65-0338,info@tokumokkou.jp,https://www.instagram.com/tokumokkou/,"井上徳木工は鯖江市河和田町で創業60年ほどの木地工房で、箱物やお盆など越前漆器で角物（かくもの）といわれる伝統的な形や「曲げわっぱ」での曲げ物技法も取り入れた弁当箱や小判盆など幅広い木製品を手掛けています。私たちの仕事は塗りや加飾によって隠れてしまう製品がほとんどですが、その土台となる木地作りに自信とプライドを持って製作しています。
また現在は漆塗りで隠れてしまう加工の技法や製作過程でしか見えない造形美を活かすオリジナルブランド「Lr」を立ち上げて井上徳木工の技術や製品をより多くの方に知って頂けるようチャレンジしています。",6-7日 10:00-17:008日 10:00-16:00,https://lr-tokumokkou.jp/,,15-30分,,,https://tokumokkou.base.shop/,,,不要,,,※危険な機械が多いため、スタッフの指示に従って下さい。,,,,,,,,,,,,,,,
駒本蒔絵工房 / KOMAYA,https://renew-fukui.com/exhibitor/komaya/,https://renew-fukui.com/kanri/wp-content/uploads/2021/07/komamoto03-1-1024x680.jpg,"ワークショップ,ワークショップ予約受付,ショップ",6-8日,6-8日 10:00-17:00,〒916-1224 福井県鯖江市莇生田町14-5-1,0778-65-0377,mau.komaya.910@outlook.jp,https://www.instagram.com/komaya_9.10/,駒本蒔絵の工房は、河和田に流れる静かな川の近くにあります。その工房の中庭をぬけて現れるのは、隠れ家のような趣きのある建物。80才の伝統工芸職人を筆頭に、その技と技術を受け継いだ若き職人達がアクセサリーショップをオープンします。福井ならではの和紙や木の素材に、蒔絵を施したピアスやイヤリングはどれも必見。美しき伝統を活かした、全く新しいアクセサリーに是非触れてみてください。,,,,,有り,,,,,,,,,,,,,,,,,,,,,,,
Hacoa,https://renew-fukui.com/exhibitor/hacoa/,https://renew-fukui.com/kanri/wp-content/uploads/2021/07/hacoa01-1024x649.jpg,"工房見学,ワークショップ,ワークショップ予約受付,ショップ,求人募集",6-8日,6-8日 10:00-18:00,〒916-1221 福井県鯖江市西袋町503,0778-65-3112,info@hacoa.com,,"2001年に誕生したオリジナル木工ブランドです。
ハコアの母体となる工房は伝統工芸士・山口怜示が1962年福井県鯖江市に創業。1500年もの歴史を誇る越前漆器の産地にて、漆器の中でも「箱もの」といわれるお盆やお膳などの漆を塗る前の木地作りに従事し、生きている木と対峙する中でその技術を身につけてきました。
ハコアではその永年のものづくりで培ってきた技術力と伝統をベースに、インテリア用品やキッチン、ステーショナリー、PC周りのアイテムに至るまで、領域にとらわれない空間全体へのアプローチを視野に入れたものづくりを、デザインから製作まで一貫して行っています。",6-8日 10:00-18:00,https://hacoa.com/directstore/renew-2023/#workshop01,,5分,有り,,https://www.hacoa.net/,,,不要,,,,,,,,,,,https://hacoa.com/directstore/renew-2023/,一緒に働く人を募集しています。,,,,,,
久保田酒店 カモシBAR,https://renew-fukui.com/exhibitor/kubotasakaten/,https://renew-fukui.com/kanri/wp-content/uploads/2022/07/CIG_IMG020-1024x683.jpg,"ローカルフード,ショップ",6-7日 9:00-19:00 8日 12:00-17:00,,〒916-0025 福井県鯖江市旭町1-1-4 （JR鯖江駅より徒歩1分）,0778-51-0252,sor@mitene.or.jp,https://www.instagram.com/kubota_saketen/,"福井の美味しい地酒を紹介、販売している地酒専門店です。お酒の味わいに加えて、お酒の中に息づいている蔵元の思いや、酒米を育む田んぼや里山の風景などもお伝えしたいと思っています。
RENEW期間中は、福井の秋を彩る地酒を越前の漆器や焼物などで飲んで楽しめるイベント「カモシBAR」を店内にて開催（15時-20時）。お仲間でもお一人様でも気軽にお立ち寄り頂き、お酒と器が織りなす美味しさ、そして人と人の出会いが醸し出す一期一会の面白さを一緒に創って頂ければ幸いです。
JR鯖江駅より徒歩1分ですので、待ち合わせの場としてもご利用ください。",,https://www.kubotasaketen.jp/,https://twitter.com/masou_masou,,,,,https://www.facebook.com/kubota.saketen,,,,,,,,,,,,,,,,,,,,
ヤマト工芸,https://renew-fukui.com/exhibitor/yamatokougei/,https://renew-fukui.com/kanri/wp-content/uploads/2022/07/jitsu-5311-1024x683.jpg,"工房見学,ワークショップ",6-7日,,〒916-1224 福井県鯖江市莇生田町19-40,0778-65-1158,yamato-kougei@poem.ocn.ne.jp,,1500年の歴史をもつ越前漆器の産地で永く漆器の木地作りをやってきた会社です。手作りには地道さと勤勉さが要求される漆器。時代が変わり、生活環境やライフスタイルが変わっても、そのひとつひとつの商品を手仕事で仕上げています。仕事に傾ける誇りと熱意はどんなメガブランドよりも大きくありたい。当社は今年で創立50年を迎えますが、ここまで事業を継続するために取り組んで来た事は、その時代にあった商品作りと、木材を使うために自然環境問題です。近年はSDGsやCO2削減に取り組んでいます。,6-7日 10:00-12:00 / 13:00-17:00,http://yamatokougei.com/,,30分,,,,,,予約優先/飛入り可,,,,,,,,,,,,,,,,,,
みきのや,https://renew-fukui.com/exhibitor/mikinoya/,https://renew-fukui.com/kanri/wp-content/uploads/2021/07/mikinoya02-1024x1024.jpg,ローカルフード,"6-7日 17:00-23:00
8日 17:00-22:00",,〒916-0012 福井県鯖江市東米岡1-3-11,0778-52-4333,mikinoya003@gmail.com,https://www.instagram.com/mikinoya_03/,"当店は日本海の新鮮な海鮮料理と、旬の地酒を味わえる地元の居酒屋です。地元福井の市場にて、季節に応じた旬で新鮮な食材を仕入れ、手作りで調理しています。
店内は田舎のおばあちゃんの家のような雰囲気。ゆっくりと福井を味わいながらおくつろぎください。",,https://www.mikinoya-sabae.com/,,,,,,,,,,,席数の少ない店ですので、事前に電話にて空席の確認と予約をお願い致します。,,,,,,,,,,,,,,,
スパイスカレーゆうゆう,https://renew-fukui.com/exhibitor/%e3%82%b9%e3%83%91%e3%82%a4%e3%82%b9%e3%82%ab%e3%83%ac%e3%83%bc%e3%82%86%e3%81%86%e3%82%86%e3%81%86/,https://renew-fukui.com/kanri/wp-content/uploads/2023/09/spice_curry_yuyu.jpg,ローカルフード,,,,090-6573-3447,,,スパイスから作る辛くないやさしいカレーです。店舗を持たずにイベント出店やケータリングなどで活動しています。スパイスカリー大陸高知店で修行したのち、福井に移住したことをきっかけに独立しました。今回はチキンカレー弁当を提供します。,,,,,,,,,7-8日 11:00-16:00（売り切れ次第終了）,,,,,,,,,,,,,,,,,,,
福音堂,https://renew-fukui.com/exhibitor/fukuondou/,https://renew-fukui.com/kanri/wp-content/uploads/2021/07/hukuindo01-1024x683.jpg,ローカルフード,6-7日 8:00-18:00,,〒916-1222 福井県鯖江市河和田町19-1-9,0778-65-0158,,,"地元で営業90年。おすすめの赤飯・大福や、おわん・めがね・山うにもなかと、まんじゅうの殿上乃華などを取り揃え、地元の皆様に喜んでいただいている和菓子店です。
河和田の原材料から作られる「殿上乃華」は天皇皇后両陛下へのお茶菓子としても使われた逸品です。
おみやげにぜひお立ち寄りください。",,,,,,,,,,,,,,,,,,,,,,,,,,,,
越前塗りの漆遊館,https://renew-fukui.com/exhibitor/shithuyuukan/,https://renew-fukui.com/kanri/wp-content/uploads/2022/07/shitsuyukan01-1024x683.jpg,"工房見学,工房見学予約受付,ワークショップ,ワークショップ予約受付,ショップ",6-8日,6-8日 9:00-17:30,〒916-0033 福井県鯖江市中野町256-1,0778-52-3400,info@urushi.org,,"越前塗りメーカーの直営ショップです。贈り物の器から、業務用の食洗機対応漆器まで、常時2千点以上もの商品が展示しており、直営ショップですのでお買い得な商品も多数ございます。
また、お盆やお椀に絵付けをする蒔絵体験のワークショップも行っております。アクリル絵の具を使いますので漆かぶれのおそれは有りません。飛び込みでの体験も大歓迎。お気軽にお立ち寄りください。",9:00-12:00 / 13:00-17:30,http://www.urushi.org/,,,有り,,https://shop.yosahachi.com/,,,,,,,,TEL：0778-52-3400,,,,,,,,,,,,,
ファニチャーホリック,https://renew-fukui.com/exhibitor/funiture-holic/,https://renew-fukui.com/kanri/wp-content/uploads/2022/07/75c140d3601436d9bf49d9f8aa3af58a-2.jpg,"工房見学,ワークショップ,ワークショップ予約受付,ショップ",6・7日,6・7日 10:00-12:00 / 13:00-17:00,〒915-0885 福井県越前市大虫町6-2,0778-43-5375,mail@furnitureholic.com,,1975年福井生まれ。一級家具製作技能士。大学卒業後、大手建設機械メーカーの設計開発業務を担当するも、自分の理想とするものづくりを実現するため退職。家具職人になることを決意し、長野県の学校で家具製作の基礎を学び、香川県の特注家具メーカーにて4年間、福井県の指物師のもとで2年間修業。2012年にファニチャーホリックを設立。越前箪笥やオーダーメイドの家具を製造販売している。2014年に福井県内の伝統的工芸品の職人グループ「七人の侍」を結成し、現代のライフスタイルになじむ商品の開発や、イベントを精力的に行っている。,6・7日 10:00-12:00 / 13:00-17:00,https://furnitureholic.com,https://twitter.com/gucciyukoh,15分,,,https://kaguchuudoku.thebase.in/,https://www.facebook.com/Furnitureholic,,,,,,,,,,,,,,,,,,,,スタッフが少ないので至らない点があると思いますが、質問などありましたら遠慮せずにお声がけ下さい。
タケフナイフビレッジ,https://renew-fukui.com/exhibitor/takefu-knifevillage/,https://renew-fukui.com/kanri/wp-content/uploads/2021/07/knifev01-1024x768.jpg,"工房見学,ワークショップ,ワークショップ予約受付,ショップ,求人募集",6-8日,6-8日 9:00-17:00,〒915-0031 福井県越前市余川町22-91,0778-27-7120,tkv_shop@takefu-knifevillage.jp,https://www.instagram.com/tkv_info/,13社の刃物会社が共同で運営を行っている、ものづくりを「見る」「学ぶ」「作る」「買う」ことができる総合施設。無料で見学できる共同工房は全国でもここだけ。鍛造と研ぎの技術だけでなく、ベテラン職人と刃物好きの若者が切磋琢磨する姿をご覧いただけます。2020年8月にリニューアルオープンしたショップには、海外で人気のダマスカス包丁やナイフがずらりと並び、直売価格で手に入るのも魅力。家族連れでもお一人でも楽しめる、新しいタケフナイフビレッジへ是非お越しください。,6-8日 9:00-17:00,https://www.takefu-knifevillage.jp/,https://twitter.com/tkv_info,15分,有り,,https://tkvstore.net/,https://www.facebook.com/takefuknifevillage,,,,,,,,,,,,,,一緒に働く人を募集しています。,,,,,,
下村漆器店,https://renew-fukui.com/exhibitor/shimomurashikki/,https://renew-fukui.com/kanri/wp-content/uploads/2023/08/naire.jpg,"工房見学,求人募集",6・7日,6・7日 9:00-17:00,〒916-1223福井県鯖江市片山町8－7,0778-65-0024,kazuki@shimomurashikki.co.jp,https://www.instagram.com/evashikki/,ひと味ちがう器をあなたに「こどもしっき」のブランドでお食い初めや記念品などをネット販売中心に高品質でお手頃価格を目指しております。うるしの里会館から徒歩圏内の本社別館にて、こどもと一緒に休める30畳の広い空間で、漆器の展示・販売を行います。業界初、レンジ食洗機対応の漆塗りのお椀も販売しております。様々な生活スタイルにマッチするひと味ちがう器を体験してみてください。ご希望の方は、お正月に使う漆器の金箔貼りの工房をご覧いただけます。,6・7日 9:30-16:00,http://www.shimomurashikki.co.jp/,,5分-30分,,,https://kodomoshikki.com/,,,,,,支払いは現金のみ,,,,,,,,,一緒に働く人を募集しています。,,,,,,
こいさん食堂,https://renew-fukui.com/exhibitor/koisansyokudo/,https://renew-fukui.com/kanri/wp-content/uploads/2023/08/ZTI_8614-4000x2661.jpeg,ローカルフード,6・7日,,〒915-0074 福井県越前市蓬莱町3-35,0778-78-0645,akikazu.mikamo@icloud.com,,当店は2022年3月30日に、オープンした飲食店です。 越前市の駅前で営業してます。 お昼12時から中休み無しで通し営業しており、昼のランチは2時まで、ご飯・味噌汁・漬物・小鉢・メインで税込¥1000で提供してます。 2時以降は単品と、ご飯セットで定食みたいに出来ます。 昼から、お酒も飲めるし、スペシャリティコーヒー豆で淹れるコーヒーと毎日、丁寧に手作りしているケーキで、カフェとしても使えます。 夜は日本酒などと旬の食材を使った料理を楽しめます。 地元の伝統工芸品を色々使用しており手で触れたり目で楽しんでいただけると思います。,,,,,,,,,,,6・7日 12:00-23:00,,,,,,,,,,,,,,,,,
ペーパーグラス（西村プレシジョン）,https://renew-fukui.com/exhibitor/paper-glass/,https://renew-fukui.com/kanri/wp-content/uploads/2021/07/nishimurapureshijon02-1024x727.jpg,ショップ,6-8日,6日 10:00-18:00 7・8日 11:00-17:00,〒916-0019 福井県鯖江市丸山町3-5-18,0778-42-5579,info@nsmr-p.jp,,"ペーパーグラスは、収納しやすく機能的で美しい老眼鏡、そんなコンセプトから生まれた新しいスタイルのメガネです。グッドデザイン賞を受賞した老眼鏡ペーパーグラスからはじまり、薄いメガネやサングラスのブランドもスタートしました。
西村プレシジョンでは企画から製造・販売まで自社で行い、Made in SABAEで、スマートに持ち運べるメガネの新しいかたちを提案しています。",,https://www.paperglass.jp,,,,,https://store.paperglass.jp/,,,,,,,,,,,,,,,,,,,,,
キッソオ,https://renew-fukui.com/exhibitor/kisso/,https://renew-fukui.com/kanri/wp-content/uploads/2022/07/2023AW.jpg,"工房見学,工房見学予約受付,ワークショップ,ワークショップ予約受付,ショップ",6-8日,"6日 10:00-12:00 / 13:00-17:30
7日 10:00-17:30
8日 10:00-17:30",〒916-0019 福井県鯖江市丸山町4-305-2,0778-54-0355,kisso@kisso.co.jp,https://www.instagram.com/kisso_official/,"あそこに行けば面白いなにか、新しい何か、ユニークな何かが見つかる。キッソオは眼鏡の材料商社として、世界と鯖江のモノづくりをつなぐ会社です。調達力やネットワーク、既成概念にとらわれない独自の発想を活かして、日々新たな挑戦を続けています。その一つが「世界にひとつ」が見つかるアクセサリーブランド『KISSO』。色鮮やかでわくわくするアクセサリーを展開しています。モノ・情報・人でビジネスや地域を「つなぐ」キッソオ、モノづくりで彩りのある毎日を「つなぐ」KISSO。
どちらも、業態や既成の枠組みにとわれることなく、次々に新しい切り口から、『つなぐから生まれる楽しさ』を創造し、提供していきます。","6日 10:00-12:00 / 13:00-17:30
7日 10:00-17:30
8日 10:00-17:30",http://japan.kisso.co.jp/,https://twitter.com/kissojapan,20分,有り,一緒に働く人を募集しています。,https://kissojapan.com/,https://www.facebook.com/kisso.co.ltd,,予約優先 / 飛入り可,,,※込み合う場合があります。担当者の指示に従って行動ください。危険ですので機械、道具には触れないでください。,,"WEB：https://reserva.be/kisso
TEL：0778-54-0355",,,,,,,,,,,,,
cafe sumu,https://renew-fukui.com/exhibitor/cafe-sumu/,https://renew-fukui.com/kanri/wp-content/uploads/2023/09/01-4000x3000.jpg,ローカルフード,,,,0776-30-0567,,,カヌレとスコーン専門カフェ。自家製のレモネードやジンジャーエール、コーラもあります。フードのマッサマンカレーは絶妙な辛さと甘さの味です！,,,,,,,,,6-8日 11:00-15:00※なくなり次第終了,,,,,,,,,,,,,,,ekinaesumu@gmail.com,,,,
釜めし専門店　釜蔵,https://renew-fukui.com/exhibitor/kamakura/,https://renew-fukui.com/kanri/wp-content/uploads/2022/07/DSC5209-1024x683.jpg,ローカルフード,6-8日 11:00-15:00,,〒916-0047 福井県鯖江市柳町4-521,0778-52-2846,slimshouji@rp.ttn.ne.jp,https://www.instagram.com/kamakura_honten/,日本の伝統的な料理「釜めし」の専門店。北陸福井の旬の素材を活かした当店のだけの釜めしが楽しめます。刺身や天婦羅など和食全般のお料理を取り揃えております。福井名物ソースかつ丼やおろしそばもおすすめです。,,http://kamameshi.net/,,,,,,https://www.facebook.com/kamakurakamameshi,,,,,,,,,,,,,,,,,,,,
SABAE MEGANE HOUSE,https://renew-fukui.com/exhibitor/sabae-megane-house/,https://renew-fukui.com/kanri/wp-content/uploads/2022/07/DSC_4516-1024x683.jpg,宿泊,6-8日,,〒916-1225 福井県鯖江市別司町31−17,090-5685-1414,info@sabae-megane-house.com,,11LDKの古民家一棟貸し宿です。漆やアセテート素材（めがねの素材）のランプなどをあしらった内装に、台所には越前打刃物の包丁。宿泊中は鯖江製のめがねがかけ放題という体験込み！この土地ならではの滞在が楽しめます！,,https://sabae-megane-house.com/,,,,,,,,,チェックイン：16:00-21:00,,宿泊予約が入っているため、見学等の対応はできかねます。,,,,,,,,,,,,,,,
錦古里漆器店,https://renew-fukui.com/exhibitor/kinkori/,https://renew-fukui.com/kanri/wp-content/uploads/2021/07/kinkori01-1024x683.jpg,"工房見学,ワークショップ,ワークショップ予約受付,ショップ",6-8日,6-8日 10:00-17:00,〒916-1222 福井県鯖江市河和田町19-8,0778-65-2233,kinkorishikki@gmail.com,,会社創業100年を超える老舗漆器店です。漆器工房は一般のお客様は入ることが出来ないものでしたが、2019年4月よりTSUGIと同じ施設内に工房を構え、誰でも職人が仕事をしている工程を見学できるようになりました。また職人が直接手解きを行い、伝統の漆器塗りを体験することが出来るワークショップも行っています。,6-8日 10:00-17:00,,,10分,,,,,,,,,,,,,,,,,,,,,,,,
大吉餅,https://renew-fukui.com/exhibitor/daikichimochi/,https://renew-fukui.com/kanri/wp-content/uploads/2021/07/daikichimochi02-1024x684.jpg,ローカルフード,7-8日,※うるしの里会館フードコートにて出展,〒910-0003 福井県福井市松本2-2-2,0776-22-3221,daikichi.mochi@gmail.com,https://www.instagram.com/daikichi.mochi_fukui/,"大吉餅は、福井市中心部、旧北国街道沿いの地で、江戸の時代から商いを続けています。
毎日、朝ついた餅だけにこだわり、何も加えず素材のありのままの味を活かすこと。この当たり前のような二つのこだわりが、大吉餅のおいしさの秘密です。
黒蜜＆きな粉仕立ての福井名物「あべかわ餅」や、手剥き栗の自然な甘みが美味しい「栗もち」「栗赤飯」、搗きたてお餅の「おろし餅」「きな粉餅」を用意してお待ちしております。",,,,,,,,,,,,,,,,,,,,,,,,,,,,
